Angle deg,Incidence angle rad,IAM_transv SAM,IAM_log SAM,IAM_transv SOL,IAM_log SOL,IAM_log SOL_real,IAM_transv SOL_real,IAM_transv SOL_old,IAM_log SOL_old
0,0,0.9896,1.0031,1.01,1,1,1,1,1
0.1,0.001745329,0.989676574,1.002707354,1.009701683,0.999894648,0.999683544,0.999525316,0.999488055,0.999765591
0.2,0.003490659,0.989752701,1.002317921,1.0094071,0.999787674,0.996518987,1,0.998981937,0.999530103
0.3,0.005235988,0.989828373,1.00193165,1.009116216,0.999679062,0.97056962,0.97943038,0.998481608,0.999293524
0.4,0.006981317,0.989903585,1.001548487,1.008828992,0.9995688,0.940189873,0.995411392,0.997987029,0.999055841
0.5,0.008726646,0.989978327,1.001168381,1.008545394,0.999456872,0.898892405,0.976582278,0.99749816,0.998817042
0.6,0.010471976,0.990052593,1.000791281,1.008265385,0.999343265,0.850632911,0.946993671,0.997014963,0.998577114
0.7,0.012217305,0.990126375,1.000417135,1.007988928,0.999227965,0.797310127,0.904113924,0.996537399,0.998336046
0.8,0.013962634,0.990199666,1.000045891,1.007715988,0.999110957,0.733860759,0.863449367,0.996065428,0.998093825
0.9,0.015707963,0.990272459,0.999677498,1.007446528,0.998992228,0.667879747,0.81835443,0.995599013,0.997850438
1,0.017453293,0.990344745,0.999311906,1.007180512,0.998871764,0.593829114,0.801898734,0.995138114,0.997605874
1.1,0.019198622,0.990416518,0.998949063,1.006917904,0.998749551,0.517405063,0.726898734,0.994682694,0.99736012
1.2,0.020943951,0.990487769,0.998588918,1.006658669,0.998625575,0.436392405,0.643037975,0.994232713,0.997113164
1.3,0.02268928,0.990558493,0.998231422,1.006402771,0.998499823,0.351265823,0.542879747,0.993788133,0.996864994
1.4,0.02443461,0.990628681,0.997876523,1.006150174,0.998372281,0.2625,0.441455696,0.993348915,0.996615599
1.5,0.026179939,0.990698325,0.997524171,1.005900843,0.998242935,0.171518987,0.334651899,0.992915022,0.996364965
1.6,0.027925268,0.990767419,0.997174317,1.005654742,0.998111772,0.084968354,0.227373418,0.992486415,0.996113082
1.7,0.029670597,0.990835955,0.99682691,1.005411835,0.997978778,0.015822785,0.124208861,0.992063056,0.995859936
1.8,0.031415927,0.990903926,0.996481901,1.005172087,0.99784394,0.000158228,0.05806962,0.991644907,0.995605517
1.9,0.033161256,0.990971323,0.996139239,1.004935464,0.997707245,,,0.991231929,0.995349813
2,0.034906585,0.991038141,0.995798876,1.00470193,0.997568679,,,0.990824086,0.995092811
2.1,0.036651914,0.99110437,0.995460763,1.004471449,0.997428228,,,0.990421338,0.9948345
2.2,0.038397244,0.991170005,0.995124849,1.004243987,0.997285881,,,0.990023649,0.994574869
2.3,0.040142573,0.991235037,0.994791086,1.004019508,0.997141622,,,0.989630979,0.994313905
2.4,0.041887902,0.991299459,0.994459426,1.003797979,0.99699544,,,0.989243293,0.994051597
2.5,0.043633231,0.991363263,0.994129819,1.003579364,0.996847322,,,0.988860551,0.993787934
2.6,0.045378561,0.991426443,0.993802218,1.003363628,0.996697253,,,0.988482717,0.993522903
2.7,0.04712389,0.99148899,0.993476573,1.003150737,0.996545222,,,0.988109753,0.993256494
2.8,0.048869219,0.991550898,0.993152838,1.002940656,0.996391215,,,0.987741622,0.992988695
2.9,0.050614548,0.991612159,0.992830962,1.002733352,0.99623522,,,0.987378285,0.992719495
3,0.052359878,0.991672765,0.9925109,1.002528788,0.996077223,,,0.987019707,0.992448882
3.1,0.054105207,0.991732709,0.992192603,1.002326932,0.995917213,,,0.986665849,0.992176845
3.2,0.055850536,0.991791984,0.991876024,1.002127749,0.995755176,,,0.986316675,0.991903372
3.3,0.057595865,0.991850582,0.991561114,1.001931205,0.995591099,,,0.985972147,0.991628453
3.4,0.059341195,0.991908496,0.991247828,1.001737266,0.995424971,,,0.985632229,0.991352076
3.5,0.061086524,0.991965718,0.990936118,1.001545898,0.995256778,,,0.985296883,0.99107423
3.6,0.062831853,0.992022241,0.990625938,1.001357066,0.995086508,,,0.984966074,0.990794904
3.7,0.064577182,0.992078057,0.990317239,1.001170738,0.994914148,,,0.984639762,0.990514088
3.8,0.066322512,0.99213316,0.990009977,1.000986879,0.994739688,,,0.984317914,0.990231769
3.9,0.068067841,0.992187542,0.989704104,1.000805457,0.994563112,,,0.98400049,0.989947937
4,0.06981317,0.992241194,0.989399575,1.000626436,0.994384411,,,0.983687456,0.989662581
4.1,0.071558499,0.992294111,0.989096342,1.000449784,0.994203571,,,0.983378773,0.98937569
4.2,0.073303829,0.992346283,0.988794361,1.000275468,0.994020581,,,0.983074407,0.989087253
4.3,0.075049158,0.992397705,0.988493586,1.000103454,0.993835427,,,0.98277432,0.98879726
4.4,0.076794487,0.992448369,0.988193971,0.999933709,0.993648099,,,0.982478477,0.9885057
4.5,0.078539816,0.992498266,0.98789547,0.999766199,0.993458584,,,0.98218684,0.988212562
4.6,0.080285146,0.99254739,0.987598038,0.999600892,0.99326687,,,0.981899374,0.987917835
4.7,0.082030475,0.992595734,0.987301631,0.999437755,0.993072946,,,0.981616043,0.987621509
4.8,0.083775804,0.992643289,0.987006203,0.999276755,0.992876799,,,0.98133681,0.987323573
4.9,0.085521133,0.992690049,0.986711709,0.999117858,0.992678417,,,0.98106164,0.987024016
5,0.087266463,0.992736006,0.986418106,0.998961033,0.99247779,,,0.980790497,0.986722828
5.1,0.089011792,0.992781152,0.986125347,0.998806247,0.992274905,,,0.980523344,0.986419999
5.2,0.090757121,0.99282548,0.98583339,0.998653466,0.99206975,,,0.980260147,0.986115519
5.3,0.09250245,0.992868984,0.985542189,0.998502659,0.991862315,,,0.980000869,0.985809376
5.4,0.09424778,0.992911654,0.985251702,0.998353793,0.991652587,,,0.979745474,0.98550156
5.5,0.095993109,0.992953485,0.984961884,0.998206835,0.991440556,,,0.979493928,0.985192062
5.6,0.097738438,0.992994468,0.984672691,0.998061754,0.991226209,,,0.979246195,0.98488087
5.7,0.099483767,0.993034596,0.98438408,0.997918518,0.991009535,,,0.979002239,0.984567976
5.8,0.101229097,0.993073862,0.984096008,0.997777093,0.990790524,,,0.978762024,0.984253368
5.9,0.102974426,0.993112257,0.983808431,0.997637449,0.990569163,,,0.978525517,0.983937036
6,0.104719755,0.993149776,0.983521307,0.997499553,0.990345442,,,0.97829268,0.98361897
6.1,0.106465084,0.99318641,0.983234592,0.997363374,0.990119349,,,0.97806348,0.983299161
6.2,0.108210414,0.993222152,0.982948244,0.997228879,0.989890874,,,0.977837881,0.982977599
6.3,0.109955743,0.993256995,0.982662221,0.997096037,0.989660005,,,0.977615848,0.982654272
6.4,0.111701072,0.99329093,0.982376479,0.996964816,0.989426731,,,0.977397347,0.982329172
6.5,0.113446401,0.993323951,0.982090978,0.996835186,0.989191042,,,0.977182341,0.982002289
6.6,0.115191731,0.993356051,0.981805674,0.996707114,0.988952926,,,0.976970797,0.981673612
6.7,0.11693706,0.993387221,0.981520526,0.996580568,0.988712374,,,0.97676268,0.981343132
6.8,0.118682389,0.993417455,0.981235492,0.996455519,0.988469373,,,0.976557955,0.98101084
6.9,0.120427718,0.993446745,0.980950531,0.996331934,0.988223913,,,0.976356588,0.980676725
7,0.122173048,0.993475083,0.980665601,0.996209782,0.987975984,,,0.976158543,0.980340778
7.1,0.123918377,0.993502462,0.98038066,0.996089033,0.987725575,,,0.975963786,0.980002989
7.2,0.125663706,0.993528875,0.980095669,0.995969656,0.987472675,,,0.975772284,0.979663349
7.3,0.127409035,0.993554315,0.979810585,0.995851619,0.987217274,,,0.975584002,0.979321848
7.4,0.129154365,0.993578773,0.979525369,0.995734892,0.986959362,,,0.975398904,0.978978477
7.5,0.130899694,0.993602242,0.979239979,0.995619444,0.986698927,,,0.975216959,0.978633226
7.6,0.132645023,0.993624716,0.978954375,0.995505244,0.986435961,,,0.97503813,0.978286086
7.7,0.134390352,0.993646186,0.978668517,0.995392262,0.986170452,,,0.974862384,0.977937047
7.8,0.136135682,0.993666646,0.978382365,0.995280468,0.98590239,,,0.974689688,0.977586101
7.9,0.137881011,0.993686087,0.978095878,0.995169831,0.985631765,,,0.974520006,0.977233237
8,0.13962634,0.993704503,0.977809018,0.99506032,0.985358567,,,0.974353306,0.976878447
8.1,0.141371669,0.993721885,0.977521743,0.994951906,0.985082786,,,0.974189554,0.976521722
8.2,0.143116999,0.993738227,0.977234016,0.994844559,0.984804412,,,0.974028715,0.976163052
8.3,0.144862328,0.993753521,0.976945796,0.994738247,0.984523434,,,0.973870756,0.975802428
8.4,0.146607657,0.993767759,0.976657044,0.994632943,0.984239844,,,0.973715644,0.975439841
8.5,0.148352986,0.993780935,0.976367722,0.994528614,0.98395363,,,0.973563345,0.975075283
8.6,0.150098316,0.993793041,0.97607779,0.994425232,0.983664784,,,0.973413826,0.974708744
8.7,0.151843645,0.993804069,0.97578721,0.994322767,0.983373295,,,0.973267053,0.974340214
8.8,0.153588974,0.993814012,0.975495943,0.99422119,0.983079154,,,0.973122993,0.973969687
8.9,0.155334303,0.993822862,0.975203952,0.99412047,0.982782352,,,0.972981612,0.973597152
9,0.157079633,0.993830613,0.974911197,0.994020578,0.982482877,,,0.972842878,0.9732226
9.1,0.158824962,0.993837256,0.974617641,0.993921485,0.982180722,,,0.972706758,0.972846024
9.2,0.160570291,0.993842784,0.974323246,0.993823162,0.981875877,,,0.972573218,0.972467414
9.3,0.16231562,0.99384719,0.974027974,0.993725578,0.981568331,,,0.972442226,0.972086761
9.4,0.16406095,0.993850467,0.973731787,0.993628706,0.981258077,,,0.972313748,0.971704057
9.5,0.165806279,0.993852607,0.973434649,0.993532516,0.980945103,,,0.972187752,0.971319294
9.6,0.167551608,0.993853602,0.973136522,0.993436979,0.980629402,,,0.972064205,0.970932462
9.7,0.169296937,0.993853445,0.972837369,0.993342065,0.980310964,,,0.971943074,0.970543554
9.8,0.171042267,0.993852129,0.972537153,0.993247747,0.979989779,,,0.971824327,0.97015256
9.9,0.172787596,0.993849646,0.972235837,0.993153996,0.979665839,,,0.971707931,0.969759473
10,0.174532925,0.99384599,0.971933386,0.993060782,0.979339135,,,0.971593854,0.969364284
10.1,0.176278254,0.993841151,0.971629761,0.992968077,0.979009657,,,0.971482063,0.968966985
10.2,0.178023584,0.993835124,0.971324927,0.992875853,0.978677397,,,0.971372526,0.968567567
10.3,0.179768913,0.9938279,0.971018849,0.992784081,0.978342346,,,0.97126521,0.968166022
10.4,0.181514242,0.993819473,0.970711489,0.992692733,0.978004495,,,0.971160084,0.967762342
10.5,0.183259571,0.993809834,0.970402813,0.99260178,0.977663834,,,0.971057115,0.967356519
10.6,0.185004901,0.993798976,0.970092784,0.992511195,0.977320356,,,0.970956272,0.966948544
10.7,0.18675023,0.993786893,0.969781368,0.99242095,0.976974052,,,0.970857522,0.96653841
10.8,0.188495559,0.993773575,0.969468528,0.992331015,0.976624912,,,0.970760833,0.966126109
10.9,0.190240888,0.993759017,0.969154231,0.992241364,0.97627293,,,0.970666173,0.965711632
11,0.191986218,0.993743211,0.96883844,0.992151968,0.975918095,,,0.970573512,0.965294971
11.1,0.193731547,0.993726149,0.96852112,0.9920628,0.975560399,,,0.970482816,0.96487612
11.2,0.195476876,0.993707823,0.968202239,0.991973832,0.975199835,,,0.970394054,0.964455069
11.3,0.197222205,0.993688227,0.96788176,0.991885036,0.974836393,,,0.970307195,0.964031811
11.4,0.198967535,0.993667353,0.967559649,0.991796385,0.974470066,,,0.970222207,0.963606338
11.5,0.200712864,0.993645193,0.967235873,0.991707852,0.974100845,,,0.970139059,0.963178643
11.6,0.202458193,0.993621741,0.966910397,0.991619408,0.973728722,,,0.970057719,0.962748717
11.7,0.204203522,0.993596988,0.966583188,0.991531027,0.973353688,,,0.969978157,0.962316554
11.8,0.205948852,0.993570927,0.966254211,0.991442682,0.972975736,,,0.96990034,0.961882145
11.9,0.207694181,0.993543552,0.965923434,0.991354344,0.972594858,,,0.969824237,0.961445483
12,0.20943951,0.993514853,0.965590823,0.991265988,0.972211046,,,0.969749818,0.96100656
12.1,0.211184839,0.993484825,0.965256344,0.991177587,0.971824291,,,0.969677052,0.960565369
12.2,0.212930169,0.993453459,0.964919965,0.991089113,0.971434586,,,0.969605907,0.960121903
12.3,0.214675498,0.993420748,0.964581653,0.991000539,0.971041923,,,0.969536352,0.959676153
12.4,0.216420827,0.993386685,0.964241374,0.990911839,0.970646294,,,0.969468357,0.959228114
12.5,0.218166156,0.993351263,0.963899098,0.990822987,0.970247692,,,0.969401891,0.958777776
12.6,0.219911486,0.993314473,0.96355479,0.990733955,0.969846108,,,0.969336924,0.958325134
12.7,0.221656815,0.993276308,0.963208419,0.990644717,0.969441536,,,0.969273424,0.95787018
12.8,0.223402144,0.993236762,0.962859953,0.990555247,0.969033967,,,0.969211361,0.957412906
12.9,0.225147474,0.993195826,0.96250936,0.990465519,0.968623395,,,0.969150705,0.956953306
13,0.226892803,0.993153494,0.962156608,0.990375506,0.968209811,,,0.969091425,0.956491373
13.1,0.228638132,0.993109757,0.961801665,0.990285182,0.967793209,,,0.969033491,0.956027098
13.2,0.230383461,0.993064608,0.9614445,0.990194521,0.96737358,,,0.968976872,0.955560477
13.3,0.232128791,0.993018041,0.961085082,0.990103496,0.966950918,,,0.968921539,0.9550915
13.4,0.23387412,0.992970047,0.96072338,0.990012083,0.966525216,,,0.96886746,0.954620162
13.5,0.235619449,0.992920618,0.960359363,0.989920256,0.966096466,,,0.968814607,0.954146456
13.6,0.237364778,0.992869749,0.959992999,0.989827987,0.965664661,,,0.968762949,0.953670374
13.7,0.239110108,0.992817431,0.959624259,0.989735253,0.965229793,,,0.968712456,0.95319191
13.8,0.240855437,0.992763656,0.959253112,0.989642026,0.964791857,,,0.968663098,0.952711057
13.9,0.242600766,0.992708418,0.958879527,0.989548283,0.964350845,,,0.968614846,0.952227809
14,0.244346095,0.992651709,0.958503475,0.989453997,0.96390675,,,0.96856767,0.951742159
14.1,0.246091425,0.992593522,0.958124924,0.989359142,0.963459565,,,0.968521539,0.951254099
14.2,0.247836754,0.992533848,0.957743847,0.989263695,0.963009284,,,0.968476425,0.950763624
14.3,0.249582083,0.992472681,0.957360212,0.989167629,0.962555899,,,0.968432298,0.950270727
14.4,0.251327412,0.992410014,0.956973991,0.989070919,0.962099404,,,0.968389128,0.949775402
14.5,0.253072742,0.992345838,0.956585154,0.988973541,0.961639792,,,0.968346887,0.949277642
14.6,0.254818071,0.992280147,0.956193672,0.988875469,0.961177057,,,0.968305544,0.94877744
14.7,0.2565634,0.992212932,0.955799515,0.988776679,0.960711192,,,0.968265071,0.94827479
14.8,0.258308729,0.992144187,0.955402656,0.988677145,0.960242191,,,0.968225437,0.947769686
14.9,0.260054059,0.992073905,0.955003064,0.988576844,0.959770047,,,0.968186616,0.947262122
15,0.261799388,0.992002077,0.954600713,0.98847575,0.959294754,,,0.968148576,0.946752091
15.1,0.263544717,0.991928696,0.954195573,0.988373839,0.958816306,,,0.968111289,0.946239588
15.2,0.265290046,0.991853755,0.953787616,0.988271087,0.958334695,,,0.968074727,0.945724605
15.3,0.267035376,0.991777247,0.953376814,0.988167469,0.957849917,,,0.96803886,0.945207137
15.4,0.268780705,0.991699164,0.952963139,0.988062961,0.957361964,,,0.968003659,0.944687178
15.5,0.270526034,0.991619498,0.952546564,0.987957538,0.956870831,,,0.967969097,0.944164721
15.6,0.272271363,0.991538242,0.95212706,0.987851177,0.956376512,,,0.967935143,0.943639761
15.7,0.274016693,0.99145539,0.951704602,0.987743853,0.955879,,,0.967901771,0.943112292
15.8,0.275762022,0.991370932,0.95127916,0.987635543,0.95537829,,,0.967868951,0.942582308
15.9,0.277507351,0.991284863,0.950850708,0.987526223,0.954874376,,,0.967836654,0.942049803
16,0.27925268,0.991197174,0.95041922,0.987415868,0.954367251,,,0.967804853,0.94151477
16.1,0.28099801,0.991107858,0.949984668,0.987304456,0.953856911,,,0.967773519,0.940977206
16.2,0.282743339,0.991016907,0.949547026,0.987191962,0.953343349,,,0.967742623,0.940437103
16.3,0.284488668,0.990924315,0.949106267,0.987078363,0.95282656,,,0.967712139,0.939894455
16.4,0.286233997,0.990830074,0.948662365,0.986963635,0.952306537,,,0.967682037,0.939349258
16.5,0.287979327,0.990734176,0.948215294,0.986847756,0.951783277,,,0.96765229,0.938801506
16.6,0.289724656,0.990636614,0.947765028,0.986730701,0.951256772,,,0.967622869,0.938251193
16.7,0.291469985,0.99053738,0.947311542,0.986612448,0.950727017,,,0.967593747,0.937698313
16.8,0.293215314,0.990436468,0.946854809,0.986492973,0.950194008,,,0.967564896,0.937142861
16.9,0.294960644,0.990333869,0.946394804,0.986372253,0.949657738,,,0.967536288,0.936584832
17,0.296705973,0.990229576,0.945931501,0.986250266,0.949118203,,,0.967507896,0.93602422
17.1,0.298451302,0.990123583,0.945464876,0.986126988,0.948575396,,,0.967479692,0.935461021
17.2,0.300196631,0.99001588,0.944994904,0.986002397,0.948029314,,,0.967451648,0.934895227
17.3,0.301941961,0.989906462,0.94452156,0.98587647,0.94747995,,,0.967423737,0.934326835
17.4,0.30368729,0.98979532,0.944044818,0.985749183,0.9469273,,,0.967395931,0.933755839
17.5,0.305432619,0.989682448,0.943564655,0.985620516,0.946371358,,,0.967368204,0.933182234
17.6,0.307177948,0.989567837,0.943081046,0.985490444,0.94581212,,,0.967340527,0.932606014
17.7,0.308923278,0.98945148,0.942593967,0.985358946,0.94524958,,,0.967312874,0.932027175
17.8,0.310668607,0.989333371,0.942103394,0.985225999,0.944683734,,,0.967285218,0.931445712
17.9,0.312413936,0.989213501,0.941609304,0.985091582,0.944114577,,,0.967257531,0.930861619
18,0.314159265,0.989091862,0.941111671,0.984955671,0.943542104,,,0.967229787,0.930274891
18.1,0.315904595,0.988968449,0.940610473,0.984818245,0.942966311,,,0.967201958,0.929685525
18.2,0.317649924,0.988843252,0.940105687,0.984679282,0.942387192,,,0.967174018,0.929093514
18.3,0.319395253,0.988716266,0.939597289,0.98453876,0.941804743,,,0.96714594,0.928498853
18.4,0.321140582,0.988587481,0.939085255,0.984396657,0.94121896,,,0.967117697,0.927901539
18.5,0.322885912,0.988456892,0.938569564,0.984252951,0.940629838,,,0.967089263,0.927301567
18.6,0.324631241,0.98832449,0.938050193,0.984107621,0.940037372,,,0.967060611,0.92669893
18.7,0.32637657,0.988190268,0.937527118,0.983960644,0.939441558,,,0.967031714,0.926093626
18.8,0.328121899,0.988054219,0.937000318,0.983812001,0.938842393,,,0.967002546,0.925485649
18.9,0.329867229,0.987916335,0.93646977,0.983661668,0.93823987,,,0.966973081,0.924874995
19,0.331612558,0.987776608,0.935935452,0.983509624,0.937633987,,,0.966943292,0.924261659
19.1,0.333357887,0.987635032,0.935397342,0.983355849,0.937024739,,,0.966913154,0.923645636
19.2,0.335103216,0.9874916,0.934855418,0.983200321,0.936412122,,,0.966882639,0.923026923
19.3,0.336848546,0.987346302,0.934309659,0.98304302,0.935796131,,,0.966851722,0.922405514
19.4,0.338593875,0.987199133,0.933760043,0.982883923,0.935176763,,,0.966820377,0.921781405
19.5,0.340339204,0.987050084,0.933206549,0.98272301,0.934554014,,,0.966788578,0.921154593
19.6,0.342084533,0.986899149,0.932649156,0.98256026,0.93392788,,,0.966756299,0.920525072
19.7,0.343829863,0.986746319,0.932087843,0.982395653,0.933298357,,,0.966723514,0.919892839
19.8,0.345575192,0.986591588,0.931522588,0.982229167,0.932665441,,,0.966690197,0.919257889
19.9,0.347320521,0.986434948,0.930953372,0.982060783,0.932029129,,,0.966656323,0.918620219
20,0.34906585,0.986276391,0.930380174,0.981890479,0.931389416,,,0.966621866,0.917979823
20.1,0.35081118,0.986115911,0.929802973,0.981718234,0.930746299,,,0.9665868,0.917336698
20.2,0.352556509,0.985953499,0.92922175,0.98154403,0.930099774,,,0.966551101,0.91669084
20.3,0.354301838,0.985789149,0.928636483,0.981367845,0.929449839,,,0.966514742,0.916042244
20.4,0.356047167,0.985622852,0.928047155,0.981189659,0.928796488,,,0.966477698,0.915390908
20.5,0.357792497,0.985454602,0.927453744,0.981009451,0.92813972,,,0.966439945,0.914736826
20.6,0.359537826,0.985284391,0.926856231,0.980827203,0.92747953,,,0.966401456,0.914079996
20.7,0.361283155,0.985112212,0.926254597,0.980642894,0.926815916,,,0.966362206,0.913420413
20.8,0.363028484,0.984938056,0.925648823,0.980456503,0.926148873,,,0.966322172,0.912758074
20.9,0.364773814,0.984761918,0.925038889,0.980268012,0.925478399,,,0.966281327,0.912092974
21,0.366519143,0.984583789,0.924424777,0.980077401,0.92480449,,,0.966239646,0.91142511
21.1,0.368264472,0.984403661,0.923806468,0.979884649,0.924127144,,,0.966197105,0.910754479
21.2,0.370009801,0.984221528,0.923183943,0.979689737,0.923446357,,,0.966153679,0.910081076
21.3,0.371755131,0.984037383,0.922557184,0.979492646,0.922762126,,,0.966109344,0.909404899
21.4,0.37350046,0.983851217,0.921926173,0.979293356,0.922074448,,,0.966064074,0.908725943
21.5,0.375245789,0.983663023,0.921290892,0.979091849,0.921383321,,,0.966017845,0.908044206
21.6,0.376991118,0.983472794,0.920651322,0.978888104,0.920688742,,,0.965970632,0.907359683
21.7,0.378736448,0.983280522,0.920007446,0.978682102,0.919990707,,,0.965922412,0.906672371
21.8,0.380481777,0.9830862,0.919359247,0.978473826,0.919289214,,,0.965873159,0.905982268
21.9,0.382227106,0.982889821,0.918706706,0.978263254,0.918584261,,,0.965822849,0.905289369
22,0.383972435,0.982691377,0.918049808,0.978050369,0.917875844,,,0.965771458,0.904593672
22.1,0.385717765,0.98249086,0.917388533,0.977835152,0.917163961,,,0.965718962,0.903895173
22.2,0.387463094,0.982288264,0.916722866,0.977617584,0.916448609,,,0.965665337,0.903193868
22.3,0.389208423,0.982083581,0.916052791,0.977397646,0.915729787,,,0.965610559,0.902489756
22.4,0.390953752,0.981876803,0.915378289,0.97717532,0.915007491,,,0.965554603,0.901782832
22.5,0.392699082,0.981667923,0.914699344,0.976950587,0.91428172,,,0.965497447,0.901073094
22.6,0.394444411,0.981456933,0.914015941,0.976723429,0.91355247,,,0.965439065,0.900360539
22.7,0.39618974,0.981243827,0.913328064,0.976493827,0.91281974,,,0.965379434,0.899645163
22.8,0.397935069,0.981028597,0.912635695,0.976261763,0.912083527,,,0.965318531,0.898926964
22.9,0.399680399,0.980811234,0.91193882,0.976027219,0.91134383,,,0.965256332,0.898205939
23,0.401425728,0.980591733,0.911237422,0.975790177,0.910600645,,,0.965192813,0.897482085
23.1,0.403171057,0.980370085,0.910531487,0.975550619,0.909853972,,,0.965127951,0.896755399
23.2,0.404916386,0.980146283,0.909820998,0.975308526,0.909103808,,,0.965061723,0.896025878
23.3,0.406661716,0.97992032,0.909105941,0.975063882,0.908350151,,,0.964994104,0.895293521
23.4,0.408407045,0.979692188,0.908386301,0.974816667,0.907592999,,,0.964925072,0.894558323
23.5,0.410152374,0.97946188,0.907662062,0.974566865,0.90683235,,,0.964854604,0.893820282
23.6,0.411897703,0.979229388,0.90693321,0.974314458,0.906068203,,,0.964782676,0.893079397
23.7,0.413643033,0.978994704,0.906199731,0.974059428,0.905300556,,,0.964709265,0.892335663
23.8,0.415388362,0.978757823,0.90546161,0.973801759,0.904529408,,,0.964634349,0.89158908
23.9,0.417133691,0.978518735,0.904718833,0.973541431,0.903754755,,,0.964557904,0.890839643
24,0.41887902,0.978277434,0.903971385,0.973278429,0.902976598,,,0.964479908,0.890087352
24.1,0.42062435,0.978033913,0.903219253,0.973012734,0.902194934,,,0.964400337,0.889332202
24.2,0.422369679,0.977788163,0.902462424,0.972744331,0.901409762,,,0.964319169,0.888574193
24.3,0.424115008,0.977540177,0.901700883,0.972473201,0.900621081,,,0.964236381,0.887813322
24.4,0.425860337,0.977289949,0.900934617,0.972199328,0.899828888,,,0.964151951,0.887049587
24.5,0.427605667,0.97703747,0.900163613,0.971922695,0.899033184,,,0.964065856,0.886282984
24.6,0.429350996,0.976782733,0.899387858,0.971643284,0.898233966,,,0.963978074,0.885513513
24.7,0.431096325,0.976525731,0.898607338,0.971361081,0.897431234,,,0.963888582,0.884741171
24.8,0.432841654,0.976266456,0.897822042,0.971076067,0.896624986,,,0.963797358,0.883965956
24.9,0.434586984,0.976004901,0.897031956,0.970788226,0.895815221,,,0.963704379,0.883187866
25,0.436332313,0.975741058,0.896237068,0.970497542,0.895001939,,,0.963609624,0.882406899
25.1,0.438077642,0.97547492,0.895437366,0.970203998,0.894185137,,,0.963513071,0.881623053
25.2,0.439822972,0.97520648,0.894632837,0.969907578,0.893364816,,,0.963414696,0.880836326
25.3,0.441568301,0.97493573,0.89382347,0.969608265,0.892540974,,,0.963314479,0.880046716
25.4,0.44331363,0.974662663,0.893009253,0.969306044,0.891713611,,,0.963212398,0.879254222
25.5,0.445058959,0.974387271,0.892190173,0.969000899,0.890882725,,,0.963108429,0.878458841
25.6,0.446804289,0.974109547,0.891366221,0.968692813,0.890048317,,,0.963002553,0.877660572
25.7,0.448549618,0.973829483,0.890537383,0.968381771,0.889210384,,,0.962894747,0.876859413
25.8,0.450294947,0.973547072,0.88970365,0.968067756,0.888368928,,,0.962784989,0.876055362
25.9,0.452040276,0.973262307,0.88886501,0.967750753,0.887523947,,,0.962673258,0.875248419
26,0.453785606,0.97297518,0.888021452,0.967430747,0.88667544,,,0.962559532,0.874438581
26.1,0.455530935,0.972685684,0.887172966,0.967107721,0.885823408,,,0.96244379,0.873625846
26.2,0.457276264,0.972393811,0.886319541,0.96678166,0.884967849,,,0.962326011,0.872810214
26.3,0.459021593,0.972099555,0.885461166,0.966452549,0.884108764,,,0.962206173,0.871991683
26.4,0.460766923,0.971802906,0.884597832,0.966120373,0.883246152,,,0.962084254,0.871170251
26.5,0.462512252,0.971503859,0.883729528,0.965785115,0.882380013,,,0.961960235,0.870345917
26.6,0.464257581,0.971202405,0.882856245,0.965446762,0.881510347,,,0.961834093,0.86951868
26.7,0.46600291,0.970898538,0.881977973,0.965105297,0.880637153,,,0.961705809,0.868688538
26.8,0.46774824,0.970592249,0.881094702,0.964760707,0.879760432,,,0.961575359,0.867855491
26.9,0.469493569,0.970283532,0.880206423,0.964412975,0.878880184,,,0.961442725,0.867019537
27,0.471238898,0.969972379,0.879313127,0.964062087,0.877996408,,,0.961307885,0.866180674
27.1,0.472984227,0.969658782,0.878414804,0.963708028,0.877109105,,,0.961170818,0.865338903
27.2,0.474729557,0.969342734,0.877511445,0.963350784,0.876218274,,,0.961031504,0.864494221
27.3,0.476474886,0.969024228,0.876603043,0.96299034,0.875323916,,,0.960889921,0.863646628
27.4,0.478220215,0.968703257,0.875689588,0.962626682,0.874426032,,,0.96074605,0.862796122
27.5,0.479965544,0.968379812,0.874771072,0.962259794,0.873524621,,,0.96059987,0.861942704
27.6,0.481710874,0.968053886,0.873847486,0.961889663,0.872619684,,,0.960451361,0.861086371
27.7,0.483456203,0.967725473,0.872918823,0.961516274,0.871711221,,,0.960300502,0.860227124
27.8,0.485201532,0.967394564,0.871985074,0.961139613,0.870799233,,,0.960147273,0.85936496
27.9,0.486946861,0.967061152,0.871046232,0.960759666,0.86988372,,,0.959991653,0.85849988
28,0.488692191,0.96672523,0.870102289,0.960376419,0.868964683,,,0.959833624,0.857631883
28.1,0.49043752,0.966386791,0.869153237,0.959989858,0.868042123,,,0.959673163,0.856760969
28.2,0.492182849,0.966045826,0.86819907,0.959599969,0.867116039,,,0.959510253,0.855887135
28.3,0.493928178,0.965702328,0.867239781,0.959206739,0.866186433,,,0.959344872,0.855010382
28.4,0.495673508,0.965356291,0.866275361,0.958810153,0.865253306,,,0.959177001,0.85413071
28.5,0.497418837,0.965007706,0.865305804,0.958410197,0.864316658,,,0.959006619,0.853248118
28.6,0.499164166,0.964656567,0.864331105,0.958006859,0.86337649,,,0.958833708,0.852362604
28.7,0.500909495,0.964302865,0.863351255,0.957600125,0.862432804,,,0.958658248,0.85147417
28.8,0.502654825,0.963946594,0.862366249,0.957189982,0.861485599,,,0.958480218,0.850582815
28.9,0.504400154,0.963587745,0.861376081,0.956776415,0.860534878,,,0.958299601,0.849688537
29,0.506145483,0.963226312,0.860380745,0.956359413,0.859580642,,,0.958116375,0.848791337
29.1,0.507890812,0.962862287,0.859380234,0.955938961,0.85862289,,,0.957930522,0.847891215
29.2,0.509636142,0.962495663,0.858374543,0.955515047,0.857661626,,,0.957742022,0.846988171
29.3,0.511381471,0.962126432,0.857363667,0.955087657,0.856696849,,,0.957550856,0.846082203
29.4,0.5131268,0.961754586,0.8563476,0.95465678,0.855728562,,,0.957357006,0.845173313
29.5,0.514872129,0.961380119,0.855326337,0.954222401,0.854756765,,,0.957160451,0.8442615
29.6,0.516617459,0.961003023,0.854299872,0.953784509,0.853781461,,,0.956961173,0.843346764
29.7,0.518362788,0.960623291,0.853268202,0.95334309,0.85280265,,,0.956759152,0.842429105
29.8,0.520108117,0.960240915,0.852231321,0.952898132,0.851820334,,,0.956554371,0.841508523
29.9,0.521853446,0.959855887,0.851189224,0.952449622,0.850834514,,,0.95634681,0.840585018
30,0.523598776,0.959468201,0.850141908,0.951997549,0.849845193,,,0.95613645,0.83965859
30.1,0.525344105,0.959077848,0.849089368,0.951541899,0.848852371,,,0.955923273,0.83872924
30.2,0.527089434,0.958684822,0.848031599,0.951082661,0.847856052,,,0.95570726,0.837796967
30.3,0.528834763,0.958289115,0.846968599,0.950619822,0.846856236,,,0.955488393,0.836861773
30.4,0.530580093,0.957890719,0.845900363,0.95015337,0.845852925,,,0.955266652,0.835923656
30.5,0.532325422,0.957489628,0.844826887,0.949683294,0.844846121,,,0.95504202,0.834982618
30.6,0.534070751,0.957085833,0.843748168,0.94920958,0.843835827,,,0.954814478,0.834038659
30.7,0.53581608,0.956679328,0.842664204,0.948732218,0.842822043,,,0.954584008,0.833091779
30.8,0.53756141,0.956270104,0.84157499,0.948251196,0.841804773,,,0.954350592,0.83214198
30.9,0.539306739,0.955858155,0.840480523,0.947766501,0.840784018,,,0.954114212,0.83118926
31,0.541052068,0.955443473,0.839380802,0.947278123,0.839759781,,,0.953874849,0.830233622
31.1,0.542797397,0.955026051,0.838275823,0.94678605,0.838732063,,,0.953632485,0.829275064
31.2,0.544542727,0.954605881,0.837165583,0.946290269,0.837700868,,,0.953387103,0.828313589
31.3,0.546288056,0.954182955,0.836050082,0.945790771,0.836666196,,,0.953138685,0.827349197
31.4,0.548033385,0.953757267,0.834929315,0.945287544,0.835628052,,,0.952887213,0.826381889
31.5,0.549778714,0.953328809,0.833803282,0.944780576,0.834586436,,,0.952632668,0.825411664
31.6,0.551524044,0.952897573,0.83267198,0.944269857,0.833541353,,,0.952375035,0.824438525
31.7,0.553269373,0.952463552,0.831535408,0.943755374,0.832492803,,,0.952114294,0.823462472
31.8,0.555014702,0.95202674,0.830393564,0.943237119,0.83144079,,,0.951850428,0.822483505
31.9,0.556760031,0.951587127,0.829246448,0.942715078,0.830385316,,,0.951583421,0.821501626
32,0.558505361,0.951144707,0.828094057,0.942189243,0.829326385,,,0.951313254,0.820516836
32.1,0.56025069,0.950699472,0.82693639,0.941659601,0.828263998,,,0.95103991,0.819529136
32.2,0.561996019,0.950251416,0.825773448,0.941126143,0.827198159,,,0.950763372,0.818538527
32.3,0.563741348,0.94980053,0.824605228,0.940588857,0.826128871,,,0.950483623,0.81754501
32.4,0.565486678,0.949346807,0.823431731,0.940047734,0.825056136,,,0.950200646,0.816548586
32.5,0.567232007,0.948890239,0.822252956,0.939502763,0.823979957,,,0.949914423,0.815549256
32.6,0.568977336,0.94843082,0.821068903,0.938953933,0.822900338,,,0.949624938,0.814547021
32.7,0.570722665,0.947968542,0.819879572,0.938401235,0.821817282,,,0.949332173,0.813541884
32.8,0.572467995,0.947503397,0.818684963,0.937844658,0.820730791,,,0.949036112,0.812533844
32.9,0.574213324,0.947035379,0.817485076,0.937284193,0.819640868,,,0.948736739,0.811522904
33,0.575958653,0.946564479,0.816279911,0.936719828,0.818547518,,,0.948434036,0.810509065
33.1,0.577703982,0.946090689,0.81506947,0.936151555,0.817450743,,,0.948127986,0.809492329
33.2,0.579449312,0.945614004,0.813853753,0.935579364,0.816350547,,,0.947818574,0.808472696
33.3,0.581194641,0.945134415,0.81263276,0.935003244,0.815246933,,,0.947505783,0.807450168
33.4,0.58293997,0.944651915,0.811406493,0.934423186,0.814139904,,,0.947189596,0.806424748
33.5,0.584685299,0.944166496,0.810174954,0.933839181,0.813029465,,,0.946869996,0.805396436
33.6,0.586430629,0.943678152,0.808938142,0.933251219,0.811915618,,,0.946546969,0.804365234
33.7,0.588175958,0.943186874,0.807696061,0.93265929,0.810798367,,,0.946220496,0.803331144
33.8,0.589921287,0.942692655,0.806448711,0.932063386,0.809677716,,,0.945890563,0.802294168
33.9,0.591666616,0.942195488,0.805196095,0.931463497,0.808553668,,,0.945557153,0.801254308
34,0.593411946,0.941695365,0.803938214,0.930859614,0.807426228,,,0.945220251,0.800211564
34.1,0.595157275,0.941192279,0.802675071,0.930251727,0.806295399,,,0.944879839,0.79916594
34.2,0.596902604,0.940686223,0.801406668,0.929639829,0.805161185,,,0.944535903,0.798117437
34.3,0.598647933,0.940177189,0.800133008,0.929023909,0.80402359,,,0.944188426,0.797066056
34.4,0.600393263,0.939665169,0.798854093,0.928403959,0.802882618,,,0.943837393,0.796011801
34.5,0.602138592,0.939150157,0.797569925,0.92777997,0.801738273,,,0.943482788,0.794954673
34.6,0.603883921,0.938632144,0.796280509,0.927151934,0.800590559,,,0.943124596,0.793894674
34.7,0.60562925,0.938111124,0.794985847,0.926519842,0.79943948,,,0.9427628,0.792831807
34.8,0.60737458,0.937587089,0.793685943,0.925883686,0.798285041,,,0.942397386,0.791766073
34.9,0.609119909,0.937060031,0.792380799,0.925243456,0.797127245,,,0.942028338,0.790697474
35,0.610865238,0.936529944,0.79107042,0.924599145,0.795966098,,,0.94165564,0.789626014
35.1,0.612610567,0.935996819,0.78975481,0.923950745,0.794801602,,,0.941279278,0.788551693
35.2,0.614355897,0.935460649,0.788433971,0.923298246,0.793633763,,,0.940899237,0.787474515
35.3,0.616101226,0.934921428,0.787107909,0.922641642,0.792462586,,,0.9405155,0.786394483
35.4,0.617846555,0.934379146,0.785776628,0.921980924,0.791288074,,,0.940128054,0.785311597
35.5,0.619591884,0.933833798,0.784440132,0.921316083,0.790110232,,,0.939736883,0.784225861
35.6,0.621337214,0.933285375,0.783098426,0.920647113,0.788929066,,,0.939341971,0.783137278
35.7,0.623082543,0.932733871,0.781751514,0.919974006,0.787744579,,,0.938943306,0.78204585
35.8,0.624827872,0.932179277,0.780399401,0.919296753,0.786556776,,,0.93854087,0.780951579
35.9,0.626573201,0.931621586,0.779042093,0.918615348,0.785365662,,,0.938134651,0.779854468
36,0.628318531,0.931060792,0.777679594,0.917929781,0.784171243,,,0.937724632,0.77875452
36.1,0.63006386,0.930496885,0.776311911,0.917240047,0.782973522,,,0.937310801,0.777651738
36.2,0.631809189,0.92992986,0.774939048,0.916546138,0.781772505,,,0.936893141,0.776546124
36.3,0.633554518,0.929359709,0.773561012,0.915848046,0.780568196,,,0.936471639,0.775437681
36.4,0.635299848,0.928786423,0.772177808,0.915145765,0.779360602,,,0.93604628,0.774326412
36.5,0.637045177,0.928209997,0.770789442,0.914439286,0.778149726,,,0.935617051,0.77321232
36.6,0.638790506,0.927630421,0.76939592,0.913728603,0.776935575,,,0.935183936,0.772095407
36.7,0.640535835,0.92704769,0.76799725,0.91301371,0.775718153,,,0.934746921,0.770975678
36.8,0.642281165,0.926461795,0.766593436,0.912294598,0.774497465,,,0.934305993,0.769853134
36.9,0.644026494,0.925872729,0.765184487,0.911571262,0.773273517,,,0.933861138,0.768727779
37,0.645771823,0.925280485,0.763770409,0.910843695,0.772046315,,,0.933412341,0.767599616
37.1,0.647517152,0.924685055,0.762351208,0.910111889,0.770815863,,,0.932959588,0.766468648
37.2,0.649262482,0.924086432,0.760926893,0.909375839,0.769582167,,,0.932502867,0.765334878
37.3,0.651007811,0.923484609,0.75949747,0.908635538,0.768345234,,,0.932042162,0.76419831
37.4,0.65275314,0.922879577,0.758062947,0.907890979,0.767105067,,,0.931577461,0.763058947
37.5,0.654498469,0.92227133,0.756623331,0.907142156,0.765861673,,,0.931108749,0.761916792
37.6,0.656243799,0.92165986,0.755178631,0.906389064,0.764615058,,,0.930636014,0.760771849
37.7,0.657989128,0.921045159,0.753728854,0.905631695,0.763365227,,,0.930159241,0.75962412
37.8,0.659734457,0.920427221,0.752274008,0.904870043,0.762112187,,,0.929678418,0.758473609
37.9,0.661479787,0.919806038,0.750814102,0.904104104,0.760855942,,,0.92919353,0.757320321
38,0.663225116,0.919181602,0.749349144,0.90333387,0.7595965,,,0.928704565,0.756164258
38.1,0.664970445,0.918553906,0.747879143,0.902559336,0.758333865,,,0.92821151,0.755005424
38.2,0.666715774,0.917922943,0.746404108,0.901780496,0.757068044,,,0.92771435,0.753843822
38.3,0.668461104,0.917288705,0.744924047,0.900997345,0.755799043,,,0.927213075,0.752679456
38.4,0.670206433,0.916651184,0.74343897,0.900209877,0.754526869,,,0.926707669,0.751512331
38.5,0.671951762,0.916010374,0.741948885,0.899418086,0.753251526,,,0.926198121,0.750342449
38.6,0.673697091,0.915366267,0.740453803,0.898621967,0.751973022,,,0.925684417,0.749169815
38.7,0.675442421,0.914718855,0.738953732,0.897821514,0.750691363,,,0.925166544,0.747994431
38.8,0.67718775,0.914068132,0.737448683,0.897016723,0.749406555,,,0.924644491,0.746816303
38.9,0.678933079,0.913414089,0.735938666,0.896207589,0.748118604,,,0.924118244,0.745635434
39,0.680678408,0.912756719,0.73442369,0.895394105,0.746827518,,,0.923587791,0.744451828
39.1,0.682423738,0.912096015,0.732903766,0.894576267,0.745533302,,,0.923053118,0.743265489
39.2,0.684169067,0.911431969,0.731378904,0.89375407,0.744235962,,,0.922514215,0.742076422
39.3,0.685914396,0.910764574,0.729849115,0.89292751,0.742935507,,,0.921971068,0.740884629
39.4,0.687659725,0.910093823,0.728314409,0.892096581,0.741631941,,,0.921423665,0.739690115
39.5,0.689405055,0.909419707,0.726774797,0.891261279,0.740325273,,,0.920871993,0.738492885
39.6,0.691150384,0.908742221,0.725230291,0.890421599,0.739015508,,,0.920316042,0.737292943
39.7,0.692895713,0.908061355,0.723680901,0.889577536,0.737702654,,,0.919755797,0.736090292
39.8,0.694641042,0.907377104,0.722126639,0.888729087,0.736386717,,,0.919191248,0.734884938
39.9,0.696386372,0.906689459,0.720567516,0.887876246,0.735067704,,,0.918622383,0.733676884
40,0.698131701,0.905998412,0.719003544,0.88701901,0.733745623,,,0.918049189,0.732466136
40.1,0.69987703,0.905303958,0.717434735,0.886157374,0.73242048,,,0.917471655,0.731252696
40.2,0.701622359,0.904606087,0.715861101,0.885291334,0.731092283,,,0.916889769,0.730036571
40.3,0.703367689,0.903904793,0.714282654,0.884420887,0.729761038,,,0.916303519,0.728817763
40.4,0.705113018,0.903200069,0.712699406,0.883546027,0.728426753,,,0.915712894,0.727596279
40.5,0.706858347,0.902491906,0.711111369,0.882666752,0.727089435,,,0.915117882,0.726372122
40.6,0.708603676,0.901780298,0.709518557,0.881783057,0.725749091,,,0.914518471,0.725145297
40.7,0.710349006,0.901065236,0.707920983,0.880894939,0.724405728,,,0.913914651,0.723915809
40.8,0.712094335,0.900346714,0.706318658,0.880002394,0.723059355,,,0.913306409,0.722683662
40.9,0.713839664,0.899624725,0.704711597,0.879105418,0.721709978,,,0.912693735,0.721448862
41,0.715584993,0.89889926,0.703099812,0.878204008,0.720357605,,,0.912076618,0.720211413
41.1,0.717330323,0.898170312,0.701483317,0.877298162,0.719002244,,,0.911455045,0.718971319
41.2,0.719075652,0.897437875,0.699862126,0.876387874,0.717643902,,,0.910829007,0.717728587
41.3,0.720820981,0.89670194,0.698236252,0.875473142,0.716282587,,,0.910198492,0.71648322
41.4,0.72256631,0.895962499,0.696605709,0.874553964,0.714918306,,,0.909563488,0.715235224
41.5,0.72431164,0.895219547,0.694970511,0.873630335,0.713551068,,,0.908923986,0.713984604
41.6,0.726056969,0.894473074,0.693330673,0.872702253,0.71218088,,,0.908279975,0.712731365
41.7,0.727802298,0.893723075,0.691686209,0.871769715,0.71080775,,,0.907631443,0.711475511
41.8,0.729547627,0.892969541,0.690037134,0.870832718,0.709431686,,,0.906978381,0.710217049
41.9,0.731292957,0.892212464,0.688383462,0.86989126,0.708052696,,,0.906320776,0.708955983
42,0.733038286,0.891451839,0.686725208,0.868945337,0.706670788,,,0.90565862,0.707692318
42.1,0.734783615,0.890687656,0.685062387,0.867994947,0.70528597,,,0.904991901,0.70642606
42.2,0.736528944,0.889919909,0.683395014,0.867040088,0.70389825,,,0.904320609,0.705157215
42.3,0.738274274,0.88914859,0.681723106,0.866080757,0.702507637,,,0.903644734,0.703885786
42.4,0.740019603,0.888373692,0.680046676,0.865116952,0.701114139,,,0.902964266,0.702611781
42.5,0.741764932,0.887595207,0.678365742,0.864148671,0.699717764,,,0.902279194,0.701335204
42.6,0.743510261,0.886813129,0.676680318,0.863175911,0.69831852,,,0.901589507,0.70005606
42.7,0.745255591,0.886027449,0.674990421,0.86219867,0.696916416,,,0.900895197,0.698774356
42.8,0.74700092,0.88523816,0.673296067,0.861216947,0.695511461,,,0.900196254,0.697490097
42.9,0.748746249,0.884445254,0.671597273,0.860230739,0.694103662,,,0.899492666,0.696203288
43,0.750491578,0.883648725,0.669894054,0.859240045,0.692693029,,,0.898784425,0.694913936
43.1,0.752236908,0.882848565,0.668186428,0.858244862,0.69127957,,,0.89807152,0.693622045
43.2,0.753982237,0.882044766,0.666474411,0.857245189,0.689863293,,,0.897353943,0.692327622
43.3,0.755727566,0.881237321,0.664758021,0.856241025,0.688444208,,,0.896631682,0.691030673
43.4,0.757472895,0.880426223,0.663037274,0.855232367,0.687022323,,,0.89590473,0.689731202
43.5,0.759218225,0.879611464,0.661312187,0.854219216,0.685597648,,,0.895173075,0.688429217
43.6,0.760963554,0.878793037,0.659582779,0.853201568,0.68417019,,,0.894436709,0.687124723
43.7,0.762708883,0.877970934,0.657849067,0.852179423,0.68273996,,,0.893695623,0.685817725
43.8,0.764454212,0.877145148,0.656111068,0.851152779,0.681306965,,,0.892949807,0.684508231
43.9,0.766199542,0.876315671,0.6543688,0.850121637,0.679871216,,,0.892199251,0.683196246
44,0.767944871,0.875482497,0.652622283,0.849085993,0.678432721,,,0.891443948,0.681881775
44.1,0.7696902,0.874645617,0.650871533,0.848045848,0.676991489,,,0.890683887,0.680564826
44.2,0.771435529,0.873805024,0.649116569,0.847001201,0.675547529,,,0.889919059,0.679245405
44.3,0.773180859,0.872960711,0.647357411,0.84595205,0.674100852,,,0.889149456,0.677923517
44.4,0.774926188,0.87211267,0.645594076,0.844898396,0.672651465,,,0.888375069,0.676599168
44.5,0.776671517,0.871260895,0.643826583,0.843840237,0.671199379,,,0.887595889,0.675272366
44.6,0.778416846,0.870405376,0.642054952,0.842777573,0.669744604,,,0.886811907,0.673943117
44.7,0.780162176,0.869546108,0.640279202,0.841710403,0.668287147,,,0.886023115,0.672611426
44.8,0.781907505,0.868683083,0.638499352,0.840638728,0.66682702,,,0.885229504,0.6712773
44.9,0.783652834,0.867816293,0.636715422,0.839562546,0.665364231,,,0.884431065,0.669940747
45,0.785398163,0.86694573,0.634927432,0.838481858,0.66389879,,,0.883627789,0.668601771
45.1,0.787143493,0.866071388,0.633135401,0.837396663,0.662430708,,,0.88281967,0.667260381
45.2,0.788888822,0.865193259,0.631339349,0.836306961,0.660959993,,,0.882006697,0.665916581
45.3,0.790634151,0.864311336,0.629539297,0.835212753,0.659486656,,,0.881188864,0.66457038
45.4,0.79237948,0.86342561,0.627735264,0.834114038,0.658010706,,,0.880366161,0.663221784
45.5,0.79412481,0.862536076,0.625927273,0.833010816,0.656532153,,,0.87953858,0.661870799
45.6,0.795870139,0.861642724,0.624115342,0.831903089,0.655051008,,,0.878706114,0.660517432
45.7,0.797615468,0.860745549,0.622299493,0.830790856,0.653567279,,,0.877868755,0.65916169
45.8,0.799360797,0.859844541,0.620479747,0.829674117,0.652080979,,,0.877026494,0.65780358
45.9,0.801106127,0.858939695,0.618656126,0.828552874,0.650592115,,,0.876179324,0.656443109
46,0.802851456,0.858031003,0.61682865,0.827427126,0.6491007,,,0.875327237,0.655080283
46.1,0.804596785,0.857118456,0.61499734,0.826296874,0.647606742,,,0.874470225,0.65371511
46.2,0.806342114,0.856202049,0.61316222,0.82516212,0.646110253,,,0.873608281,0.652347597
46.3,0.808087444,0.855281772,0.611323309,0.824022864,0.644611242,,,0.872741396,0.650977751
46.4,0.809832773,0.85435762,0.609480631,0.822879106,0.64310972,,,0.871869564,0.649605578
46.5,0.811578102,0.853429584,0.607634207,0.821730848,0.641605697,,,0.870992778,0.648231087
46.6,0.813323431,0.852497657,0.605784061,0.820578091,0.640099184,,,0.870111028,0.646854283
46.7,0.815068761,0.851561832,0.603930213,0.819420837,0.638590192,,,0.86922431,0.645475176
46.8,0.81681409,0.8506221,0.602072687,0.818259085,0.637078731,,,0.868332614,0.64409377
46.9,0.818559419,0.849678456,0.600211506,0.817092839,0.635564812,,,0.867435934,0.642710075
47,0.820304748,0.848730891,0.598346692,0.815922098,0.634048445,,,0.866534263,0.641324097
47.1,0.822050078,0.847779398,0.596478268,0.814746865,0.632529641,,,0.865627594,0.639935844
47.2,0.823795407,0.84682397,0.594606259,0.813567141,0.631008411,,,0.86471592,0.638545323
47.3,0.825540736,0.845864598,0.592730687,0.812382927,0.629484766,,,0.863799233,0.637152542
47.4,0.827286065,0.844901276,0.590851575,0.811194226,0.627958718,,,0.862877528,0.635757508
47.5,0.829031395,0.843933997,0.588968948,0.810001039,0.626430275,,,0.861950797,0.634360229
47.6,0.830776724,0.842962752,0.587082829,0.808803369,0.624899451,,,0.861019034,0.632960712
47.7,0.832522053,0.841987534,0.585193243,0.807601216,0.623366256,,,0.860082232,0.631558966
47.8,0.834267382,0.841008337,0.583300214,0.806394584,0.621830701,,,0.859140384,0.630154997
47.9,0.836012712,0.840025152,0.581403765,0.805183473,0.620292797,,,0.858193485,0.628748814
48,0.837758041,0.839037972,0.579503923,0.803967888,0.618752556,,,0.857241527,0.627340424
48.1,0.83950337,0.83804679,0.57760071,0.802747829,0.617209988,,,0.856284504,0.625929835
48.2,0.841248699,0.837051599,0.575694153,0.801523299,0.615665106,,,0.85532241,0.624517055
48.3,0.842994029,0.83605239,0.573784276,0.800294301,0.614117921,,,0.854355239,0.623102092
48.4,0.844739358,0.835049156,0.571871104,0.799060837,0.612568443,,,0.853382985,0.621684954
48.5,0.846484687,0.834041891,0.569954663,0.797822909,0.611016685,,,0.852405641,0.620265649
48.6,0.848230016,0.833030586,0.568034977,0.796580522,0.609462659,,,0.851423202,0.618844184
48.7,0.849975346,0.832015234,0.566112074,0.795333676,0.607906375,,,0.850435661,0.617420569
48.8,0.851720675,0.830995828,0.564185979,0.794082375,0.606347846,,,0.849443014,0.615994811
48.9,0.853466004,0.829972361,0.562256717,0.792826623,0.604787083,,,0.848445253,0.614566918
49,0.855211333,0.828944824,0.560324315,0.791566421,0.603224098,,,0.847442373,0.613136898
49.1,0.856956663,0.82791321,0.558388799,0.790301774,0.601658902,,,0.846434369,0.611704761
49.2,0.858701992,0.826877513,0.556450196,0.789032684,0.600091509,,,0.845421235,0.610270513
49.3,0.860447321,0.825837725,0.554508531,0.787759155,0.598521929,,,0.844402965,0.608834164
49.4,0.86219265,0.824793837,0.552563833,0.786481189,0.596950175,,,0.843379554,0.607395721
49.5,0.86393798,0.823745844,0.550616128,0.785198791,0.595376259,,,0.842350997,0.605955194
49.6,0.865683309,0.822693736,0.548665443,0.783911964,0.593800193,,,0.841317288,0.604512591
49.7,0.867428638,0.821637508,0.546711805,0.782620712,0.592221989,,,0.840278422,0.603067919
49.8,0.869173967,0.820577151,0.544755241,0.781325037,0.590641658,,,0.839234394,0.601621188
49.9,0.870919297,0.819512658,0.54279578,0.780024945,0.589059215,,,0.838185199,0.600172407
50,0.872664626,0.818444022,0.54083345,0.778720438,0.58747467,,,0.837130832,0.598721583
50.1,0.874409955,0.817371235,0.538868277,0.777411521,0.585888037,,,0.836071287,0.597268726
50.2,0.876155285,0.81629429,0.53690029,0.776098198,0.584299327,,,0.83500656,0.595813845
50.3,0.877900614,0.815213179,0.534929518,0.774780472,0.582708553,,,0.833936646,0.594356947
50.4,0.879645943,0.814127896,0.532955988,0.773458348,0.581115728,,,0.83286154,0.592898043
50.5,0.881391272,0.813038432,0.530979729,0.772131831,0.579520864,,,0.831781238,0.59143714
50.6,0.883136602,0.81194478,0.529000771,0.770800924,0.577923974,,,0.830695735,0.589974248
50.7,0.884881931,0.810846932,0.527019141,0.769465631,0.57632507,,,0.829605026,0.588509375
50.8,0.88662726,0.809744882,0.525034869,0.768125959,0.574724166,,,0.828509107,0.587042531
50.9,0.888372589,0.808638622,0.523047984,0.76678191,0.573121274,,,0.827407973,0.585573725
51,0.890117919,0.807528144,0.521058516,0.76543349,0.571516407,,,0.82630162,0.584102965
51.1,0.891863248,0.806413441,0.519066494,0.764080703,0.569909578,,,0.825190044,0.582630261
51.2,0.893608577,0.805294506,0.517071947,0.762723554,0.568300799,,,0.824073241,0.581155622
51.3,0.895353906,0.804171331,0.515074906,0.761362048,0.566690085,,,0.822951205,0.579679057
51.4,0.897099236,0.803043909,0.5130754,0.75999619,0.565077447,,,0.821823935,0.578200575
51.5,0.898844565,0.801912232,0.51107346,0.758625986,0.5634629,,,0.820691424,0.576720186
51.6,0.900589894,0.800776293,0.509069116,0.757251439,0.561846456,,,0.81955367,0.575237898
51.7,0.902335223,0.799636084,0.507062398,0.755872556,0.560228128,,,0.818410668,0.573753722
51.8,0.904080553,0.798491599,0.505053338,0.754489342,0.55860793,,,0.817262415,0.572267667
51.9,0.905825882,0.797342829,0.503041965,0.753101802,0.556985875,,,0.816108907,0.570779741
52,0.907571211,0.796189767,0.501028312,0.751709941,0.555361977,,,0.81495014,0.569289956
52.1,0.90931654,0.795032406,0.499012408,0.750313765,0.553736248,,,0.813786111,0.567798319
52.2,0.91106187,0.793870739,0.496994286,0.748913281,0.552108703,,,0.812616816,0.566304841
52.3,0.912807199,0.792704757,0.494973976,0.747508492,0.550479355,,,0.811442251,0.564809531
52.4,0.914552528,0.791534454,0.492951511,0.746099406,0.548848217,,,0.810262414,0.5633124
52.5,0.916297857,0.790359822,0.490926922,0.744686028,0.547215304,,,0.8090773,0.561813456
52.6,0.918043187,0.789180854,0.488900241,0.743268364,0.545580628,,,0.807886908,0.560312709
52.7,0.919788516,0.787997542,0.4868715,0.74184642,0.543944204,,,0.806691232,0.55881017
52.8,0.921533845,0.786809878,0.484840732,0.740420202,0.542306046,,,0.805490272,0.557305847
52.9,0.923279174,0.785617856,0.482807969,0.738989717,0.540666167,,,0.804284022,0.555799752
53,0.925024504,0.784421468,0.480773243,0.73755497,0.539024582,,,0.80307248,0.554291893
53.1,0.926769833,0.783220707,0.478736587,0.736115968,0.537381304,,,0.801855645,0.552782281
53.2,0.928515162,0.782015565,0.476698034,0.734672718,0.535736347,,,0.800633511,0.551270926
53.3,0.930260491,0.780806034,0.474657618,0.733225226,0.534089725,,,0.799406077,0.549757837
53.4,0.932005821,0.779592108,0.47261537,0.731773498,0.532441453,,,0.798173341,0.548243025
53.5,0.93375115,0.778373778,0.470571326,0.730317541,0.530791545,,,0.796935298,0.546726501
53.6,0.935496479,0.777151038,0.468525517,0.728857363,0.529140015,,,0.795691948,0.545208273
53.7,0.937241808,0.77592388,0.466477979,0.727392969,0.527486877,,,0.794443287,0.543688353
53.8,0.938987138,0.774692297,0.464428745,0.725924367,0.525832145,,,0.793189313,0.54216675
53.9,0.940732467,0.773456281,0.462377848,0.724451564,0.524175835,,,0.791930023,0.540643476
54,0.942477796,0.772215824,0.460325323,0.722974567,0.52251796,,,0.790665415,0.539118539
54.1,0.944223125,0.77097092,0.458271205,0.721493383,0.520858535,,,0.789395488,0.537591952
54.2,0.945968455,0.769721561,0.456215528,0.720008019,0.519197575,,,0.788120238,0.536063723
54.3,0.947713784,0.768467739,0.454158326,0.718518483,0.517535094,,,0.786839664,0.534533864
54.4,0.949459113,0.767209447,0.452099635,0.717024781,0.515871107,,,0.785553764,0.533002385
54.5,0.951204442,0.765946678,0.450039489,0.715526923,0.514205628,,,0.784262535,0.531469296
54.6,0.952949772,0.764679424,0.447977924,0.714024914,0.512538673,,,0.782965977,0.529934608
54.7,0.954695101,0.763407678,0.445914974,0.712518763,0.510870256,,,0.781664086,0.528398333
54.8,0.95644043,0.762131432,0.443850676,0.711008478,0.509200392,,,0.780356862,0.52686048
54.9,0.958185759,0.76085068,0.441785065,0.709494066,0.507529096,,,0.779044302,0.52532106
55,0.959931089,0.759565412,0.439718177,0.707975535,0.505856384,,,0.777726405,0.523780084
55.1,0.961676418,0.758275623,0.437650047,0.706452894,0.504182269,,,0.77640317,0.522237562
55.2,0.963421747,0.756981304,0.435580712,0.70492615,0.502506767,,,0.775074594,0.520693507
55.3,0.965167076,0.755682449,0.433510208,0.703395311,0.500829894,,,0.773740677,0.519147927
55.4,0.966912406,0.75437905,0.431438572,0.701860386,0.499151664,,,0.772401418,0.517600836
55.5,0.968657735,0.753071098,0.42936584,0.700321382,0.497472093,,,0.771056814,0.516052242
55.6,0.970403064,0.751758588,0.427292048,0.698778309,0.495791196,,,0.769706865,0.514502159
55.7,0.972148393,0.750441512,0.425217235,0.697231175,0.494108989,,,0.76835157,0.512950595
55.8,0.973893723,0.749119861,0.423141436,0.695679989,0.492425486,,,0.766990927,0.511397563
55.9,0.975639052,0.747793629,0.42106469,0.694124758,0.490740704,,,0.765624936,0.509843074
56,0.977384381,0.746462809,0.418987033,0.692565492,0.489054658,,,0.764253595,0.508287139
56.1,0.97912971,0.745127392,0.416908503,0.691002199,0.487367363,,,0.762876905,0.506729769
56.2,0.98087504,0.743787372,0.414829138,0.689434889,0.485678836,,,0.761494863,0.505170975
56.3,0.982620369,0.742442741,0.412748976,0.68786357,0.483989091,,,0.760107469,0.503610769
56.4,0.984365698,0.741093491,0.410668055,0.686288252,0.482298145,,,0.758714723,0.502049163
56.5,0.986111027,0.739739616,0.408586412,0.684708943,0.480606013,,,0.757316624,0.500486166
56.6,0.987856357,0.738381107,0.406504087,0.683125652,0.478912711,,,0.755913172,0.498921792
56.7,0.989601686,0.737017958,0.404421117,0.68153839,0.477218255,,,0.754504365,0.497356051
56.8,0.991347015,0.735650161,0.402337543,0.679947165,0.475522662,,,0.753090205,0.495788955
56.9,0.993092344,0.734277708,0.400253401,0.678351987,0.473825946,,,0.751670689,0.494220516
57,0.994837674,0.732900592,0.398168732,0.676752865,0.472128125,,,0.750245819,0.492650745
57.1,0.996583003,0.731518805,0.396083575,0.675149809,0.470429214,,,0.748815593,0.491079653
57.2,0.998328332,0.730132341,0.393997968,0.673542828,0.468729229,,,0.747380013,0.489507253
57.3,1.000073661,0.728741192,0.391911952,0.671931933,0.467028187,,,0.745939077,0.487933556
57.4,1.001818991,0.72734535,0.389825566,0.670317134,0.465326103,,,0.744492786,0.486358575
57.5,1.00356432,0.725944808,0.38773885,0.668698439,0.463622995,,,0.74304114,0.48478232
57.6,1.005309649,0.724539558,0.385651844,0.66707586,0.461918879,,,0.74158414,0.483204803
57.7,1.007054978,0.723129594,0.383564587,0.665449405,0.46021377,,,0.740121784,0.481626038
57.8,1.008800308,0.721714907,0.381477121,0.663819087,0.458507687,,,0.738654074,0.480046035
57.9,1.010545637,0.720295491,0.379389486,0.662184914,0.456800644,,,0.73718101,0.478464806
58,1.012290966,0.718871337,0.377301722,0.660546897,0.455092659,,,0.735702593,0.476882365
58.1,1.014036295,0.717442439,0.37521387,0.658905046,0.453383748,,,0.734218823,0.475298721
58.2,1.015781625,0.716008789,0.373125971,0.657259373,0.451673928,,,0.7327297,0.473713889
58.3,1.017526954,0.714570379,0.371038067,0.655609887,0.449963216,,,0.731235225,0.47212788
58.4,1.019272283,0.713127202,0.368950198,0.653956599,0.448251629,,,0.7297354,0.470540706
58.5,1.021017612,0.711679251,0.366862405,0.65229952,0.446539183,,,0.728230224,0.468952379
58.6,1.022762942,0.710226519,0.364774732,0.650638661,0.444825896,,,0.726719698,0.467362912
58.7,1.024508271,0.708768997,0.362687218,0.648974033,0.443111784,,,0.725203824,0.465772317
58.8,1.0262536,0.707306679,0.360599906,0.647305646,0.441396864,,,0.723682603,0.464180607
58.9,1.027998929,0.705839556,0.358512839,0.645633512,0.439681154,,,0.722156035,0.462587793
59,1.029744259,0.704367623,0.356426058,0.643957642,0.43796467,,,0.720624122,0.460993889
59.1,1.031489588,0.70289087,0.354339606,0.642278048,0.43624743,,,0.719086865,0.459398906
59.2,1.033234917,0.701409291,0.352253525,0.640594739,0.434529451,,,0.717544265,0.457802858
59.3,1.034980246,0.699922879,0.350167858,0.638907729,0.432810751,,,0.715996323,0.456205757
59.4,1.036725576,0.698431625,0.348082648,0.637217027,0.431091346,,,0.714443041,0.454607616
59.5,1.038470905,0.696935523,0.345997938,0.635522647,0.429371254,,,0.712884421,0.453008447
59.6,1.040216234,0.695434565,0.343913772,0.633824599,0.427650492,,,0.711320463,0.451408263
59.7,1.041961563,0.693928744,0.341830191,0.632122896,0.425929079,,,0.70975117,0.449807076
59.8,1.043706893,0.692418051,0.339747241,0.630417548,0.424207031,,,0.708176544,0.4482049
59.9,1.045452222,0.690902481,0.337664964,0.628708569,0.422484366,,,0.706596585,0.446601748
60,1.047197551,0.689382025,0.335583405,0.626995969,0.420761103,,,0.705011296,0.444997632
60.1,1.04894288,0.687856676,0.333502607,0.625279762,0.419037257,,,0.703420678,0.443392565
60.2,1.05068821,0.686326426,0.331422616,0.623559958,0.417312848,,,0.701824734,0.441786561
60.3,1.052433539,0.684791269,0.329343474,0.621836571,0.415587894,,,0.700223466,0.440179631
60.4,1.054178868,0.683251196,0.327265226,0.620109612,0.413862411,,,0.698616875,0.43857179
60.5,1.055924197,0.6817062,0.325187918,0.618379094,0.412136418,,,0.697004965,0.436963051
60.6,1.057669527,0.680156275,0.323111593,0.61664503,0.410409933,,,0.695387736,0.435353426
60.7,1.059414856,0.678601411,0.321036297,0.614907431,0.408682974,,,0.693765192,0.433742928
60.8,1.061160185,0.677041603,0.318962076,0.613166312,0.40695556,,,0.692137334,0.432131572
60.9,1.062905514,0.675476842,0.316888973,0.611421683,0.405227707,,,0.690504166,0.43051937
61,1.064650844,0.673907121,0.314817036,0.609673558,0.403499435,,,0.688865689,0.428906335
61.1,1.066396173,0.672332433,0.312746308,0.60792195,0.401770762,,,0.687221907,0.427292481
61.2,1.068141502,0.670752771,0.310676837,0.606166873,0.400041706,,,0.685572822,0.425677822
61.3,1.069886831,0.669168126,0.308608668,0.604408337,0.398312285,,,0.683918436,0.42406237
61.4,1.071632161,0.667578491,0.306541847,0.602646358,0.396582517,,,0.682258752,0.42244614
61.5,1.07337749,0.66598386,0.30447642,0.600880948,0.394852422,,,0.680593774,0.420829144
61.6,1.075122819,0.664384224,0.302412434,0.599112121,0.393122018,,,0.678923504,0.419211397
61.7,1.076868148,0.662779576,0.300349935,0.597339889,0.391391323,,,0.677247945,0.417592911
61.8,1.078613478,0.66116991,0.298288971,0.595564266,0.389660356,,,0.6755671,0.415973701
61.9,1.080358807,0.659555216,0.296229587,0.593785266,0.387929136,,,0.673880972,0.414353781
62,1.082104136,0.657935488,0.294171831,0.592002902,0.386197681,,,0.672189565,0.412733163
62.1,1.083849465,0.656310719,0.292115751,0.590217189,0.384466011,,,0.670492882,0.411111862
62.2,1.085594795,0.654680901,0.290061393,0.588428139,0.382734143,,,0.668790925,0.409489892
62.3,1.087340124,0.653046027,0.288008805,0.586635766,0.381002097,,,0.667083699,0.407867267
62.4,1.089085453,0.651406088,0.285958035,0.584840085,0.379269892,,,0.665371208,0.406244
62.5,1.090830782,0.649761079,0.283909131,0.583041109,0.377537547,,,0.663653453,0.404620105
62.6,1.092576112,0.648110991,0.28186214,0.581238853,0.375805081,,,0.661930439,0.402995596
62.7,1.094321441,0.646455817,0.279817111,0.579433331,0.374072513,,,0.660202171,0.401370488
62.8,1.09606677,0.644795549,0.277774093,0.577624556,0.372339862,,,0.65846865,0.399744795
62.9,1.0978121,0.64313018,0.275733133,0.575812544,0.370607147,,,0.656729882,0.39811853
63,1.099557429,0.641459703,0.273694281,0.573997308,0.368874388,,,0.65498587,0.396491708
63.1,1.101302758,0.639784111,0.271657584,0.572178864,0.367141605,,,0.653236618,0.394864343
63.2,1.103048087,0.638103395,0.269623093,0.570357225,0.365408815,,,0.65148213,0.393236449
63.3,1.104793417,0.636417548,0.267590856,0.568532407,0.363676039,,,0.649722411,0.39160804
63.4,1.106538746,0.634726564,0.265560923,0.566704423,0.361943297,,,0.647957463,0.389979132
63.5,1.108284075,0.633030434,0.263533343,0.56487329,0.360210607,,,0.646187292,0.388349737
63.6,1.110029404,0.631329151,0.261508166,0.563039021,0.35847799,,,0.644411902,0.386719871
63.7,1.111774734,0.629622708,0.259485441,0.561201632,0.356745465,,,0.642631297,0.385089549
63.8,1.113520063,0.627911098,0.257465219,0.559361138,0.355013051,,,0.640845482,0.383458784
63.9,1.115265392,0.626194312,0.255447549,0.557517554,0.353280769,,,0.639054461,0.381827591
64,1.117010721,0.624472343,0.253432482,0.555670895,0.351548639,,,0.637258238,0.380195985
64.1,1.118756051,0.622745185,0.251420068,0.553821176,0.349816679,,,0.635456819,0.378563981
64.2,1.12050138,0.621012829,0.249410358,0.551968414,0.348084911,,,0.633650207,0.376931592
64.3,1.122246709,0.619275268,0.247403403,0.550112622,0.346353354,,,0.631838409,0.375298834
64.4,1.123992038,0.617532495,0.245399253,0.548253817,0.344622027,,,0.630021427,0.373665722
64.5,1.125737368,0.615784503,0.24339796,0.546392015,0.342890952,,,0.628199269,0.37203227
64.6,1.127482697,0.614031283,0.241399574,0.544527231,0.341160148,,,0.626371937,0.370398493
64.7,1.129228026,0.612272829,0.239404148,0.542659481,0.339429636,,,0.624539439,0.368764407
64.8,1.130973355,0.610509133,0.237411733,0.540788781,0.337699435,,,0.622701777,0.367130025
64.9,1.132718685,0.608740187,0.23542238,0.538915147,0.335969566,,,0.620858959,0.365495364
65,1.134464014,0.606965985,0.233436141,0.537038594,0.334240049,,,0.619010988,0.363860437
65.1,1.136209343,0.605186518,0.231453069,0.535159139,0.332510905,,,0.617157871,0.362225261
65.2,1.137954672,0.60340178,0.229473215,0.533276799,0.330782154,,,0.615299613,0.360589849
65.3,1.139700002,0.601611763,0.227496632,0.531391588,0.329053817,,,0.613436218,0.358954218
65.4,1.141445331,0.599816459,0.225523373,0.529503525,0.327325914,,,0.611567694,0.357318383
65.5,1.14319066,0.598015862,0.22355349,0.527612624,0.325598466,,,0.609694044,0.355682358
65.6,1.144935989,0.596209963,0.221587036,0.525718904,0.323871493,,,0.607815276,0.354046159
65.7,1.146681319,0.594398755,0.219624064,0.523822379,0.322145016,,,0.605931394,0.352409802
65.8,1.148426648,0.592582231,0.217664627,0.521923068,0.320419056,,,0.604042404,0.350773301
65.9,1.150171977,0.590760384,0.215708779,0.520020986,0.318693634,,,0.602148313,0.349136672
66,1.151917306,0.588933206,0.213756573,0.518116151,0.31696877,,,0.600249126,0.347499931
66.1,1.153662636,0.587100689,0.211808062,0.516208579,0.315244486,,,0.598344849,0.345863093
66.2,1.155407965,0.585262826,0.2098633,0.514298288,0.313520803,,,0.596435489,0.344226173
66.3,1.157153294,0.58341961,0.207922343,0.512385294,0.311797741,,,0.594521051,0.342589188
66.4,1.158898623,0.581571033,0.205985242,0.510469615,0.310075322,,,0.592601542,0.340952152
66.5,1.160643953,0.579717088,0.204052054,0.508551268,0.308353566,,,0.590676967,0.339315081
66.6,1.162389282,0.577857768,0.202122831,0.50663027,0.306632496,,,0.588747334,0.337677991
66.7,1.164134611,0.575993064,0.20019763,0.50470664,0.304912131,,,0.586812648,0.336040899
66.8,1.16587994,0.574122971,0.198276504,0.502780393,0.303192494,,,0.584872917,0.334403819
66.9,1.16762527,0.572247479,0.196359509,0.500851548,0.301473606,,,0.582928146,0.332766767
67,1.169370599,0.570366582,0.194446699,0.498920123,0.299755488,,,0.580978343,0.331129759
67.1,1.171115928,0.568480272,0.192538131,0.496986134,0.298038162,,,0.579023513,0.329492812
67.2,1.172861257,0.566588543,0.190633858,0.495049601,0.29632165,,,0.577063665,0.327855941
67.3,1.174606587,0.564691386,0.188733938,0.493110541,0.294605972,,,0.575098804,0.326219162
67.4,1.176351916,0.562788793,0.186838426,0.491168971,0.29289115,,,0.573128937,0.324582491
67.5,1.178097245,0.560880759,0.184947376,0.489224911,0.291177207,,,0.571154072,0.322945944
67.6,1.179842574,0.558967275,0.183060847,0.487278377,0.289464163,,,0.569174215,0.321309538
67.7,1.181587904,0.557048333,0.181178893,0.485329389,0.287752041,,,0.567189374,0.319673288
67.8,1.183333233,0.555123927,0.179301572,0.483377965,0.286040862,,,0.565199555,0.318037211
67.9,1.185078562,0.553194049,0.177428939,0.481424122,0.284330649,,,0.563204767,0.316401323
68,1.186823891,0.551258691,0.175561052,0.47946788,0.282621423,,,0.561205015,0.31476564
68.1,1.188569221,0.549317847,0.173697967,0.477509257,0.280913207,,,0.559200309,0.313130179
68.2,1.19031455,0.547371508,0.171839742,0.475548272,0.279206021,,,0.557190654,0.311494955
68.3,1.192059879,0.545419667,0.169986433,0.473584943,0.277499889,,,0.555176059,0.309859986
68.4,1.193805208,0.543462318,0.168138098,0.471619289,0.275794833,,,0.553156531,0.308225288
68.5,1.195550538,0.541499451,0.166294794,0.469651329,0.274090874,,,0.551132078,0.306590878
68.6,1.197295867,0.539531061,0.16445658,0.467681082,0.272388036,,,0.549102707,0.304956771
68.7,1.199041196,0.537557139,0.162623512,0.465708567,0.27068634,,,0.547068427,0.303322985
68.8,1.200786525,0.535577678,0.160795649,0.463733804,0.268985808,,,0.545029245,0.301689536
68.9,1.202531855,0.533592671,0.158973049,0.461756811,0.267286464,,,0.542985169,0.30005644
69,1.204277184,0.53160211,0.157155771,0.459777607,0.265588329,,,0.540936207,0.298423716
69.1,1.206022513,0.529605989,0.155343872,0.457796212,0.263891427,,,0.538882367,0.296791378
69.2,1.207767842,0.527604298,0.153537412,0.455812646,0.262195779,,,0.536823657,0.295159445
69.3,1.209513172,0.525597032,0.151736449,0.453826927,0.260501409,,,0.534760086,0.293527933
69.4,1.211258501,0.523584182,0.149941042,0.451839077,0.258808339,,,0.532691661,0.291896858
69.5,1.21300383,0.521565742,0.148151251,0.449849113,0.257116591,,,0.530618392,0.290266238
69.6,1.214749159,0.519541703,0.146367134,0.447857057,0.255426189,,,0.528540286,0.28863609
69.7,1.216494489,0.517512058,0.144588751,0.445862927,0.253737156,,,0.526457351,0.287006431
69.8,1.218239818,0.515476801,0.142816162,0.443866744,0.252049514,,,0.524369598,0.285377277
69.9,1.219985147,0.513435923,0.141049426,0.441868528,0.250363286,,,0.522277033,0.283748646
70,1.221730476,0.511389416,0.139288603,0.439868299,0.248678496,,,0.520179666,0.282120556
70.1,1.223475806,0.509337275,0.137533754,0.437866077,0.246995166,,,0.518077505,0.280493022
70.2,1.225221135,0.507279491,0.135784938,0.435861882,0.245313319,,,0.51597056,0.278866063
70.3,1.226966464,0.505216056,0.134042217,0.433855735,0.24363298,,,0.513858839,0.277239696
70.4,1.228711793,0.503146964,0.13230565,0.431847656,0.24195417,,,0.511742351,0.275613938
70.5,1.230457123,0.501072207,0.130575298,0.429837665,0.240276913,,,0.509621105,0.273988806
70.6,1.232202452,0.498991778,0.128851222,0.427825784,0.238601233,,,0.507495111,0.272364318
70.7,1.233947781,0.496905668,0.127133484,0.425812033,0.236927153,,,0.505364376,0.270740492
70.8,1.23569311,0.494813872,0.125422144,0.423796432,0.235254696,,,0.503228911,0.269117344
70.9,1.23743844,0.49271638,0.123717264,0.421779002,0.233583886,,,0.501088726,0.267494892
71,1.239183769,0.490613186,0.122018905,0.419759765,0.231914746,,,0.498943828,0.265873154
71.1,1.240929098,0.488504283,0.120327129,0.417738741,0.230247301,,,0.496794228,0.264252147
71.2,1.242674427,0.486389663,0.118641998,0.415715952,0.228581573,,,0.494639935,0.26263189
71.3,1.244419757,0.484269318,0.116963574,0.413691418,0.226917586,,,0.492480959,0.261012399
71.4,1.246165086,0.482143241,0.115291919,0.411665161,0.225255364,,,0.49031731,0.259393693
71.5,1.247910415,0.480011425,0.113627096,0.409637202,0.223594932,,,0.488148996,0.257775789
71.6,1.249655744,0.477873863,0.111969166,0.407607562,0.221936312,,,0.485976028,0.256158705
71.7,1.251401074,0.475730546,0.110318193,0.405576263,0.220279528,,,0.483798416,0.25454246
71.8,1.253146403,0.473581468,0.108674239,0.403543327,0.218624606,,,0.48161617,0.25292707
71.9,1.254891732,0.471426621,0.107037367,0.401508775,0.216971568,,,0.479429299,0.251312554
72,1.256637061,0.469265997,0.105407641,0.399472628,0.215320439,,,0.477237814,0.249698929
72.1,1.258382391,0.46709959,0.103785124,0.39743491,0.213671243,,,0.475041724,0.248086215
72.2,1.26012772,0.464927391,0.102169878,0.39539564,0.212024003,,,0.472841041,0.246474428
72.3,1.261873049,0.462749393,0.100561969,0.393354843,0.210378746,,,0.470635773,0.244863588
72.4,1.263618378,0.46056559,0.098961459,0.391312539,0.208735493,,,0.468425932,0.243253712
72.5,1.265363708,0.458375973,0.097368413,0.38926875,0.207094271,,,0.466211528,0.241644818
72.6,1.267109037,0.456180535,0.095782894,0.387223499,0.205455103,,,0.463992571,0.240036925
72.7,1.268854366,0.453979269,0.094204968,0.385176809,0.203818014,,,0.461769073,0.238430051
72.8,1.270599695,0.451772167,0.092634697,0.383128701,0.202183029,,,0.459541042,0.236824215
72.9,1.272345025,0.449559221,0.091072148,0.381079198,0.200550171,,,0.457308491,0.235219434
73,1.274090354,0.447340425,0.089517384,0.379028322,0.198919466,,,0.45507143,0.233615727
73.1,1.275835683,0.445115772,0.087970471,0.376976097,0.197290938,,,0.452829869,0.232013112
73.2,1.277581012,0.442885252,0.086431473,0.374922545,0.195664611,,,0.45058382,0.230411609
73.3,1.279326342,0.44064886,0.084900456,0.372867688,0.194040512,,,0.448333293,0.228811236
73.4,1.281071671,0.438406587,0.083377486,0.370811549,0.192418664,,,0.4460783,0.22721201
73.5,1.282817,0.436158427,0.081862627,0.368754152,0.190799092,,,0.443818851,0.225613951
73.6,1.284562329,0.433904371,0.080355946,0.366695519,0.189181822,,,0.441554958,0.224017078
73.7,1.286307659,0.431644413,0.078857508,0.364635674,0.187566878,,,0.439286632,0.22242141
73.8,1.288052988,0.429378545,0.077367379,0.362574639,0.185954285,,,0.437013884,0.220826964
73.9,1.289798317,0.427106759,0.075885626,0.360512439,0.184344069,,,0.434736726,0.21923376
74,1.291543646,0.424829049,0.074412315,0.358449096,0.182736254,,,0.432455169,0.217641816
74.1,1.293288976,0.422545406,0.072947513,0.356384633,0.181130866,,,0.430169224,0.216051152
74.2,1.295034305,0.420255824,0.071491285,0.354319075,0.17952793,,,0.427878903,0.214461787
74.3,1.296779634,0.417960294,0.0700437,0.352252444,0.177927472,,,0.425584217,0.212873739
74.4,1.298524963,0.41565881,0.068604823,0.350184765,0.176329516,,,0.423285179,0.211287027
74.5,1.300270293,0.413351364,0.067174723,0.348116061,0.174734088,,,0.420981801,0.209701671
74.6,1.302015622,0.411037948,0.065753466,0.346046357,0.173141214,,,0.418674093,0.20811769
74.7,1.303760951,0.408718556,0.06434112,0.343975675,0.171550919,,,0.416362067,0.206535102
74.8,1.30550628,0.406393179,0.062937752,0.34190404,0.169963229,,,0.414045737,0.204953927
74.9,1.30725161,0.404061811,0.061543431,0.339831477,0.168378169,,,0.411725114,0.203374184
75,1.308996939,0.401724444,0.060158224,0.337758008,0.166795765,,,0.409400209,0.201795893
75.1,1.310742268,0.39938107,0.058782199,0.335683659,0.165216043,,,0.407071035,0.200219073
75.2,1.312487597,0.397031682,0.057415426,0.333608454,0.163639029,,,0.404737605,0.198643742
75.3,1.314232927,0.394676273,0.056057971,0.331532417,0.162064747,,,0.402399931,0.197069921
75.4,1.315978256,0.392314835,0.054709904,0.329455572,0.160493226,,,0.400058024,0.195497629
75.5,1.317723585,0.389947361,0.053371294,0.327377945,0.158924489,,,0.397711898,0.193926886
75.6,1.319468915,0.387573844,0.052042209,0.32529956,0.157358563,,,0.395361565,0.19235771
75.7,1.321214244,0.385194275,0.050722719,0.323220441,0.155795475,,,0.393007037,0.190790122
75.8,1.322959573,0.382808648,0.049412892,0.321140614,0.15423525,,,0.390648328,0.189224141
75.9,1.324704902,0.380416954,0.048112799,0.319060103,0.152677915,,,0.38828545,0.187659786
76,1.326450232,0.378019188,0.046822508,0.316978933,0.151123496,,,0.385918415,0.186097078
76.1,1.328195561,0.375615341,0.04554209,0.31489713,0.149572018,,,0.383547237,0.184536037
76.2,1.32994089,0.373205405,0.044271614,0.312814718,0.148023509,,,0.381171929,0.182976681
76.3,1.331686219,0.370789374,0.043011151,0.310731723,0.146477995,,,0.378792503,0.181419031
76.4,1.333431549,0.36836724,0.04176077,0.30864817,0.144935502,,,0.376408972,0.179863107
76.5,1.335176878,0.365938996,0.040520543,0.306564084,0.143396057,,,0.374021351,0.178308928
76.6,1.336922207,0.363504634,0.039290539,0.30447949,0.141859685,,,0.371629651,0.176756515
76.7,1.338667536,0.361064146,0.038070829,0.302394416,0.140326415,,,0.369233886,0.175205887
76.8,1.340412866,0.358617526,0.036861484,0.300308885,0.138796272,,,0.36683407,0.173657065
76.9,1.342158195,0.356164766,0.035662575,0.298222924,0.137269283,,,0.364430216,0.172110068
77,1.343903524,0.353705858,0.034474174,0.296136558,0.135745475,,,0.362022338,0.170564918
77.1,1.345648853,0.351240795,0.033296351,0.294049813,0.134224875,,,0.359610448,0.169021633
77.2,1.347394183,0.348769569,0.032129179,0.291962716,0.132707509,,,0.357194561,0.167480234
77.3,1.349139512,0.346292174,0.030972728,0.289875292,0.131193405,,,0.35477469,0.165940742
77.4,1.350884841,0.343808602,0.029827071,0.287787568,0.129682589,,,0.352350849,0.164403176
77.5,1.35263017,0.341318845,0.028692279,0.285699569,0.128175089,,,0.349923052,0.162867557
77.6,1.3543755,0.338822896,0.027568425,0.283611322,0.126670931,,,0.347491313,0.161333906
77.7,1.356120829,0.336320747,0.026455582,0.281522853,0.125170143,,,0.345055645,0.159802242
77.8,1.357866158,0.333812392,0.02535382,0.279434189,0.123672752,,,0.342616063,0.158272587
77.9,1.359611487,0.331297822,0.024263214,0.277345356,0.122178785,,,0.340172581,0.15674496
78,1.361356817,0.32877703,0.023183836,0.275256381,0.120688269,,,0.337725213,0.155219383
78.1,1.363102146,0.326250009,0.022115759,0.27316729,0.119201232,,,0.335273973,0.153695875
78.2,1.364847475,0.323716752,0.021059055,0.27107811,0.117717701,,,0.332818875,0.152174458
78.3,1.366592804,0.32117725,0.020013799,0.268988868,0.116237703,,,0.330359935,0.150655153
78.4,1.368338134,0.318631497,0.018980064,0.266899592,0.114761267,,,0.327897165,0.149137979
78.5,1.370083463,0.316079485,0.017957923,0.264810307,0.113288419,,,0.325430582,0.147622957
78.6,1.371828792,0.313521207,0.016947449,0.262721041,0.111819187,,,0.322960198,0.14611011
78.7,1.373574121,0.310956655,0.015948718,0.260631822,0.110353599,,,0.32048603,0.144599456
78.8,1.375319451,0.308385822,0.014961803,0.258542676,0.108891683,,,0.318008092,0.143091018
78.9,1.37706478,0.3058087,0.013986778,0.25645363,0.107433466,,,0.315526398,0.141584816
79,1.378810109,0.303225283,0.013023717,0.254364713,0.105978976,,,0.313040963,0.140080871
79.1,1.380555438,0.300635561,0.012072696,0.252275952,0.104528242,,,0.310551802,0.138579204
79.2,1.382300768,0.298039529,0.011133789,0.250187374,0.10308129,,,0.308058931,0.137079836
79.3,1.384046097,0.295437179,0.01020707,0.248099006,0.101638149,,,0.305562364,0.135582788
79.4,1.385791426,0.292828503,0.009292615,0.246010878,0.100198847,,,0.303062117,0.134088082
79.5,1.387536755,0.290213494,0.008390499,0.243923016,0.098763412,,,0.300558204,0.132595738
79.6,1.389282085,0.287592144,0.007500798,0.241835448,0.097331873,,,0.298050641,0.131105778
79.7,1.391027414,0.284964447,0.006623586,0.239748202,0.095904257,,,0.295539443,0.129618224
79.8,1.392772743,0.282330394,0.00575894,0.237661307,0.094480592,,,0.293024626,0.128133095
79.9,1.394518072,0.279689978,0.004906936,0.235574791,0.093060908,,,0.290506205,0.126650415
80,1.396263402,0.277043192,0.004067649,0.233488681,0.091645231,,,0.287984196,0.125170203
80.1,1.398008731,0.274390028,0.003241155,0.231403006,0.090233592,,,0.285458614,0.123692482
80.2,1.39975406,0.271730479,0.002427531,0.229317795,0.088826017,,,0.282929474,0.122217273
80.3,1.401499389,0.269064538,0.001626854,0.227233075,0.087422537,,,0.280396793,0.120744598
80.4,1.403244719,0.266392197,0.0008392,0.225148877,0.086023178,,,0.277860587,0.119274478
80.5,1.404990048,0.263713448,6.46453E-05,0.223065227,0.084627971,,,0.275320871,0.117806934
80.6,1.406735377,0.261028285,-0.000696732,0.220982155,0.083236943,,,0.272777661,0.116341989
80.7,1.408480706,0.258336699,-0.001444856,0.218899689,0.081850123,,,0.270230974,0.114879664
80.8,1.410226036,0.255638684,-0.002179649,0.216817859,0.080467541,,,0.267680824,0.113419981
80.9,1.411971365,0.252934231,-0.002901032,0.214736693,0.079089224,,,0.26512723,0.111962962
81,1.413716694,0.250223335,-0.00360893,0.212656221,0.077715202,,,0.262570206,0.110508628
81.1,1.415462023,0.247505986,-0.004303264,0.210576472,0.076345504,,,0.260009769,0.109057001
81.2,1.417207353,0.244782178,-0.004983955,0.208497474,0.074980158,,,0.257445935,0.107608104
81.3,1.418952682,0.242051903,-0.005650927,0.206419257,0.073619195,,,0.254878721,0.106161957
81.4,1.420698011,0.239315155,-0.0063041,0.20434185,0.072262642,,,0.252308144,0.104718584
81.5,1.42244334,0.236571924,-0.006943396,0.202265284,0.07091053,,,0.249734219,0.103278006
81.6,1.42418867,0.233822205,-0.007568737,0.200189587,0.069562886,,,0.247156964,0.101840245
81.7,1.425933999,0.231065989,-0.008180044,0.198114788,0.068219741,,,0.244576395,0.100405324
81.8,1.427679328,0.228303269,-0.008777238,0.196040919,0.066881124,,,0.241992529,0.098973264
81.9,1.429424657,0.225534038,-0.00936024,0.193968008,0.065547065,,,0.239405382,0.097544088
82,1.431169987,0.222758288,-0.009928971,0.191896085,0.064217591,,,0.236814973,0.096117818
82.1,1.432915316,0.219976013,-0.010483351,0.18982518,0.062892734,,,0.234221317,0.094694476
82.2,1.434660645,0.217187203,-0.011023301,0.187755323,0.061572523,,,0.231624431,0.093274085
82.3,1.436405974,0.214391853,-0.011548741,0.185686545,0.060256987,,,0.229024334,0.091856666
82.4,1.438151304,0.211589954,-0.012059592,0.183618875,0.058946156,,,0.226421041,0.090442244
82.5,1.439896633,0.2087815,-0.012555773,0.181552344,0.057640059,,,0.223814571,0.089030839
82.6,1.441641962,0.205966482,-0.013037203,0.179486982,0.056338726,,,0.22120494,0.087622474
82.7,1.443387291,0.203144893,-0.013503804,0.17742282,0.055042188,,,0.218592167,0.086217172
82.8,1.445132621,0.200316727,-0.013955494,0.175359887,0.053750474,,,0.215976267,0.084814956
82.9,1.44687795,0.197481975,-0.014392192,0.173298215,0.052463613,,,0.21335726,0.083415848
83,1.448623279,0.19464063,-0.014813818,0.171237835,0.051181637,,,0.210735162,0.082019871
83.1,1.450368608,0.191792685,-0.015220291,0.169178776,0.049904574,,,0.208109992,0.080627047
83.2,1.452113938,0.188938132,-0.015611529,0.16712107,0.048632455,,,0.205481766,0.0792374
83.3,1.453859267,0.186076963,-0.015987452,0.165064747,0.04736531,,,0.202850503,0.077850951
83.4,1.455604596,0.183209172,-0.016347977,0.16300984,0.046103169,,,0.20021622,0.076467725
83.5,1.457349925,0.180334751,-0.016693024,0.160956378,0.044846063,,,0.197578936,0.075087743
83.6,1.459095255,0.177453693,-0.01702251,0.158904393,0.043594022,,,0.194938669,0.07371103
83.7,1.460840584,0.17456599,-0.017336354,0.156853916,0.042347075,,,0.192295436,0.072337606
83.8,1.462585913,0.171671634,-0.017634472,0.154804978,0.041105254,,,0.189649256,0.070967497
83.9,1.464331242,0.168770619,-0.017916784,0.152757612,0.039868589,,,0.187000147,0.069600724
84,1.466076572,0.165862936,-0.018183207,0.150711847,0.03863711,,,0.184348127,0.068237311
84.1,1.467821901,0.162948579,-0.018433657,0.148667717,0.037410848,,,0.181693214,0.066877281
84.2,1.46956723,0.16002754,-0.018668053,0.146625252,0.036189833,,,0.179035428,0.065520658
84.3,1.471312559,0.157099812,-0.018886311,0.144584484,0.034974097,,,0.176374786,0.064167464
84.4,1.473057889,0.154165386,-0.019088348,0.142545445,0.033763669,,,0.173711307,0.062817722
84.5,1.474803218,0.151224257,-0.019274081,0.140508167,0.032558582,,,0.171045009,0.061471457
84.6,1.476548547,0.148276415,-0.019443427,0.138472682,0.031358864,,,0.168375912,0.06012869
84.7,1.478293876,0.145321855,-0.019596302,0.136439021,0.030164548,,,0.165704034,0.058789447
84.8,1.480039206,0.142360568,-0.019732623,0.134407218,0.028975664,,,0.163029394,0.05745375
84.9,1.481784535,0.139392547,-0.019852304,0.132377304,0.027792243,,,0.160352011,0.056121622
85,1.483529864,0.136417784,-0.019955264,0.130349312,0.026614317,,,0.157671903,0.054793088
85.1,1.485275193,0.133436273,-0.020041416,0.128323273,0.025441916,,,0.154989091,0.05346817
85.2,1.487020523,0.130448006,-0.020110677,0.126299221,0.024275071,,,0.152303592,0.052146893
85.3,1.488765852,0.127452975,-0.020162963,0.124277187,0.023113814,,,0.149615426,0.050829279
85.4,1.490511181,0.124451173,-0.020198188,0.122257205,0.021958176,,,0.146924612,0.049515354
85.5,1.49225651,0.121442592,-0.020216268,0.120239307,0.020808188,,,0.144231171,0.04820514
85.6,1.49400184,0.118427225,-0.020217117,0.118223526,0.019663881,,,0.14153512,0.046898661
85.7,1.495747169,0.115405065,-0.020200652,0.116209895,0.018525287,,,0.138836479,0.045595941
85.8,1.497492498,0.112376105,-0.020166785,0.114198447,0.017392438,,,0.136135269,0.044297004
85.9,1.499237827,0.109340336,-0.020115433,0.112189214,0.016265365,,,0.133431508,0.043001874
86,1.500983157,0.106297751,-0.020046508,0.11018223,0.015144099,,,0.130725216,0.041710574
86.1,1.502728486,0.103248344,-0.019959926,0.108177528,0.014028672,,,0.128016413,0.04042313
86.2,1.504473815,0.100192106,-0.0198556,0.106175141,0.012919116,,,0.125305119,0.039139564
86.3,1.506219144,0.09712903,-0.019733444,0.104175103,0.011815462,,,0.122591353,0.037859901
86.4,1.507964474,0.094059108,-0.019593372,0.102177447,0.010717743,,,0.119875136,0.036584165
86.5,1.509709803,0.090982334,-0.019435298,0.100182207,0.009625989,,,0.117156487,0.03531238
86.6,1.511455132,0.0878987,-0.019259134,0.098189416,0.008540234,,,0.114435427,0.03404457
86.7,1.513200461,0.084808199,-0.019064795,0.096199107,0.007460508,,,0.111711975,0.03278076
86.8,1.514945791,0.081710822,-0.018852192,0.094211315,0.006386844,,,0.108986152,0.031520974
86.9,1.51669112,0.078606563,-0.01862124,0.092226074,0.005319275,,,0.106257978,0.030265236
87,1.518436449,0.075495414,-0.01837185,0.090243417,0.004257831,,,0.103527474,0.029013571
87.1,1.520181778,0.072377368,-0.018103936,0.088263378,0.003202545,,,0.10079466,0.027766002
87.2,1.521927108,0.069252417,-0.017817409,0.086285991,0.00215345,,,0.098059556,0.026522556
87.3,1.523672437,0.066120553,-0.017512182,0.084311291,0.001110577,,,0.095322182,0.025283255
87.4,1.525417766,0.062981771,-0.017188168,0.082339312,7.39594E-05,,,0.09258256,0.024048124
87.5,1.527163095,0.059836061,-0.016845277,0.080370088,-0.000956371,,,0.089840711,0.022817189
87.6,1.528908425,0.056683417,-0.016483423,0.078403653,-0.001980382,,,0.087096654,0.021590473
87.7,1.530653754,0.053523832,-0.016102515,0.076440042,-0.00299804,,,0.084350411,0.020368002
87.8,1.532399083,0.050357297,-0.015702467,0.07447929,-0.004009314,,,0.081602003,0.0191498
87.9,1.534144413,0.047183805,-0.015283189,0.072521431,-0.005014171,,,0.07885145,0.017935892
88,1.535889742,0.044003349,-0.014844592,0.0705665,-0.006012577,,,0.076098773,0.016726302
88.1,1.537635071,0.040815922,-0.014386587,0.068614531,-0.007004502,,,0.073343995,0.015521056
88.2,1.5393804,0.037621516,-0.013909085,0.06666556,-0.00798991,,,0.070587135,0.014320179
88.3,1.54112573,0.034420123,-0.013411997,0.064719622,-0.008968771,,,0.067828215,0.013123694
88.4,1.542871059,0.031211737,-0.012895234,0.062776751,-0.009941051,,,0.065067256,0.011931628
88.5,1.544616388,0.027996349,-0.012358705,0.060836983,-0.010906716,,,0.062304281,0.010744005
88.6,1.546361717,0.024773953,-0.01180232,0.058900353,-0.011865735,,,0.059539309,0.009560851
88.7,1.548107047,0.021544541,-0.01122599,0.056966896,-0.012818074,,,0.056772363,0.00838219
88.8,1.549852376,0.018308106,-0.010629625,0.055036648,-0.013763701,,,0.054003464,0.007208048
88.9,1.551597705,0.015064639,-0.010013134,0.053109644,-0.014702581,,,0.051232634,0.006038449
89,1.553343034,0.011814134,-0.009376427,0.051185919,-0.015634682,,,0.048459895,0.004873419
89.1,1.555088364,0.008556584,-0.008719413,0.04926551,-0.016559971,,,0.045685268,0.003712984
89.2,1.556833693,0.00529198,-0.008042001,0.047348452,-0.017478414,,,0.042908775,0.002557168
89.3,1.558579022,0.002020316,-0.007344101,0.04543478,-0.018389978,,,0.040130438,0.001405997
89.4,1.560324351,-0.001258417,-0.00662562,0.043524531,-0.019294629,,,0.037350279,0.000259497
89.5,1.562069681,-0.004544224,-0.005886469,0.04161774,-0.020192335,,,0.034568321,-0.000882308
89.6,1.56381501,-0.007837115,-0.005126555,0.039714444,-0.021083062,,,0.031784584,-0.002019392
89.7,1.565560339,-0.011137096,-0.004345788,0.037814679,-0.021966775,,,0.028999092,-0.003151729
89.8,1.567305668,-0.014444174,-0.003544074,0.035918481,-0.022843443,,,0.026211867,-0.004279293
89.9,1.569050998,-0.017758358,-0.002721322,0.034025885,-0.02371303,,,0.023422931,-0.00540206
90,1.570796327,-0.021079654,-0.001877441,0.032136929,-0.024575504,,,0.020632306,-0.006520003
