0.16,-0.000000007,0.0006117862
0.5343103103,0.0057782869,1.5801085329
0.9086206206,0.0115468669,3.1591096338
1.2829309309,0.0173058127,4.7376297139
1.6572412412,0.0230552023,6.3156829701
2.0315515516,0.0287951119,7.8932831851
2.4058618619,0.0345256158,9.4704437397
2.7801721722,0.0402467867,11.0471776256
3.1544824825,0.0459586956,12.6234974576
3.5287927928,0.0516614118,14.1994154848
3.9031031031,0.0573550033,15.7749436024
4.2774134134,0.0630395362,17.3500933623
4.6517237237,0.0687150756,18.9248759839
5.026034034,0.0743816846,20.4993023641
5.4003443443,0.0800394255,22.0733830875
5.7746546547,0.0856883588,23.647128436
6.148964965,0.0913285441,25.2205483978
6.5232752753,0.0969600394,26.7936526769
6.8975855856,0.1025829016,28.3664507012
7.2718958959,0.1081971866,29.9389516317
7.6462062062,0.1138029489,31.51116437
8.0205165165,0.1194002419,33.0830975667
8.3948268268,0.1249891182,34.6547596287
8.7691371371,0.130569629,36.2261587271
9.1434474474,0.1361418247,37.7973028039
9.5177577578,0.1417057546,39.3681995795
9.8920680681,0.1472614671,40.9388565588
10.2663783784,0.1528090097,42.5092810385
10.6406886887,0.1583484289,44.0794801128
11.014998999,0.1638797705,45.6494606799
11.3893093093,0.1694030792,47.2192294481
11.7636196196,0.174918399,48.7887929409
12.1379299299,0.1804257733,50.3581575035
12.5122402402,0.1859252444,51.9273293075
12.8865505506,0.1914168539,53.4963143564
13.2608608609,0.1969006428,55.0651184908
13.6351711712,0.2023766514,56.6337473931
14.0094814815,0.2078449192,58.2022065926
14.3837917918,0.213305485,59.7705014698
14.7581021021,0.218758387,61.3386372611
15.1324124124,0.2242036628,62.9066190629
15.5067227227,0.2296413494,64.4744518363
15.881033033,0.2350714832,66.0421404107
16.2553433433,0.2404940998,67.609689488
16.6296536537,0.2459092345,69.1771036464
17.003963964,0.2513169219,70.7443873442
17.3782742743,0.2567171962,72.3115449232
17.7525845846,0.2621100909,73.8785806126
18.1268948949,0.2674956392,75.4454985318
18.5012052052,0.2728738736,77.0123026944
18.8755155155,0.2782448263,78.5789970108
19.2498258258,0.2836085289,80.1455852916
19.6241361361,0.2889650126,81.7120712507
19.9984464464,0.2943143081,83.2784585077
20.3727567568,0.2996564458,84.8447505916
20.7470670671,0.3049914556,86.4109509425
21.1213773774,0.310319367,87.9770629151
21.4956876877,0.3156402091,89.5430897811
21.869997998,0.3209540106,91.1090347311
22.2443083083,0.3262607998,92.674900878
22.6186186186,0.3315606048,94.2406912587
22.9929289289,0.3368534531,95.8064088363
23.3672392392,0.3421393721,97.372056503
23.7415495495,0.3474183886,98.9376370814
24.1158598599,0.3526905293,100.5031533274
24.4901701702,0.3579558205,102.0686079316
24.8644804805,0.3632142882,103.6340035215
25.2387907908,0.368465958,105.1993426636
25.6131011011,0.3737108552,106.7646278648
25.9874114114,0.3789490051,108.3298615747
26.3617217217,0.3841804324,109.895046187
26.736032032,0.3894051616,111.4601840414
27.1103423423,0.394623217,113.025277425
27.4846526527,0.3998346225,114.5903285742
27.858962963,0.4050394021,116.155339676
28.2332732733,0.410237579,117.7203128696
28.6075835836,0.4154291767,119.2852502481
28.9818938939,0.4206142181,120.8501538594
29.3562042042,0.425792726,122.4150257079
29.7305145145,0.430964723,123.9798677559
30.1048248248,0.4361302314,125.5446819249
30.4791351351,0.4412892734,127.1094700966
30.8534454454,0.4464418708,128.6742341142
31.2277557558,0.4515880455,130.2389757839
31.6020660661,0.4567278188,131.8036968759
31.9763763764,0.4618612122,133.3683991251
32.3506866867,0.4669882468,134.9330842328
32.724996997,0.4721089435,136.4977538675
33.0993073073,0.477223323,138.062409666
33.4736176176,0.482331406,139.6270532341
33.8479279279,0.4874332129,141.1916861481
34.2222382382,0.4925287639,142.7563099552
34.5965485485,0.4976180791,144.3209261748
34.9708588589,0.5027011784,145.8855362994
35.3451691692,0.5077780816,147.450141795
35.7194794795,0.5128488082,149.0147441025
36.0937897898,0.5179133778,150.5793446383
36.4681001001,0.5229718095,152.1439447949
36.8424104104,0.5280241227,153.7085459421
37.2167207207,0.5330703362,155.2731494273
37.591031031,0.5381104689,156.8377565766
37.9653413413,0.5431445397,158.4023686952
38.3396516517,0.5481725671,159.9669870683
38.713961962,0.5531945695,161.5316129618
39.0882722723,0.5582105653,163.0962476226
39.4625825826,0.5632205728,164.6608922797
39.8368928929,0.56822461,166.2255481446
40.2112032032,0.5732226949,167.7902164119
40.5855135135,0.5782148453,169.3548982597
40.9598238238,0.5832010791,170.9195948507
41.3341341341,0.5881814138,172.484307332
41.7084444444,0.593155867,174.0490368365
42.0827547548,0.5981244561,175.6137844824
42.4570650651,0.6030871983,177.1785513748
42.8313753754,0.6080441109,178.7433386054
43.2056856857,0.612995211,180.3081472532
43.579995996,0.6179405155,181.8729783852
43.9543063063,0.6228800414,183.4378330565
44.3286166166,0.6278138055,185.0027123109
44.7029269269,0.6327418245,186.5676171813
45.0772372372,0.6376641149,188.1325486904
45.4515475475,0.6425806934,189.6975078506
45.8258578579,0.6474915763,191.2624956648
46.2001681682,0.6523967799,192.8275131264
46.5744784785,0.6572963206,194.3925612202
46.9487887888,0.6621902145,195.9576409222
47.3230990991,0.6670784778,197.5227532006
47.6974094094,0.6719611263,199.0878990153
48.0717197197,0.676838176,200.6530793192
48.44603003,0.6817096428,202.2182950575
48.8203403403,0.6865755424,203.7835471691
49.1946506507,0.6914358906,205.3488365859
49.568960961,0.6962907029,206.914164234
49.9432712713,0.7011399949,208.4795310331
50.3175815816,0.705983782,210.0449378976
50.6918918919,0.7108220797,211.6103857363
51.0662022022,0.7156549032,213.1758754532
51.4405125125,0.7204822679,214.741407947
51.8148228228,0.7253041888,216.3069841122
52.1891331331,0.7301206812,217.8726048388
52.5634434434,0.73493176,219.4382710127
52.9377537538,0.7397374404,221.0039835161
53.3120640641,0.7445377371,222.5697432274
53.6863743744,0.749332665,224.1355510216
54.0606846847,0.754122239,225.7014077706
54.434994995,0.7589064738,227.2673143434
54.8093053053,0.763685384,228.8332716061
55.1836156156,0.7684589843,230.3992804223
55.5579259259,0.7732272893,231.9653416533
55.9322362362,0.7779903133,233.5314561582
56.3065465465,0.7827480709,235.0976247941
56.6808568569,0.7875005765,236.6638484163
57.0551671672,0.7922478444,238.2301278784
57.4294774775,0.7969898888,239.7964640329
57.8037877878,0.801726724,241.3628577307
58.1780980981,0.8064583641,242.9293098215
58.5524084084,0.8111848233,244.4958211545
58.9267187187,0.8159061156,246.0623925777
59.301029029,0.8206222551,247.6290249386
59.6753393393,0.8253332556,249.1957190843
60.0496496496,0.8300391312,250.7624758613
60.42395996,0.8347398957,252.3292961163
60.7982702703,0.8394355628,253.8961806955
61.1725805806,0.8441261464,255.4631304455
61.5468908909,0.8488116601,257.0301462129
61.9212012012,0.8534921177,258.5972288448
62.2955115115,0.8581675327,260.1643791885
62.6698218218,0.8628379188,261.731598092
63.0441321321,0.8675032895,263.2988864042
63.4184424424,0.8721636583,264.8662449745
63.7927527528,0.8768190386,266.4336746533
64.1670630631,0.8814694437,268.0011762922
64.5413733734,0.8861148872,269.5687507437
64.9156836837,0.8907553823,271.1363988617
65.289993994,0.8953909422,272.7041215014
65.6643043043,0.9000215803,274.2719195194
66.0386146146,0.9046473096,275.8397937739
66.4129249249,0.9092681434,277.4077451246
66.7872352352,0.9138840947,278.9757744332
67.1615455455,0.9184951767,280.5438825629
67.5358558559,0.9231014023,282.1120703791
67.9101661662,0.9277027846,283.680338749
68.2844764765,0.9322993365,285.2486885419
68.6587867868,0.9368910709,286.8171206292
69.0330970971,0.9414780007,288.3856358848
69.4074074074,0.9460601388,289.9542351845
69.7817177177,0.9506374979,291.5229194069
70.156028028,0.9552100908,293.0916894328
70.5303383383,0.9597779302,294.6605461457
70.9046486486,0.9643410289,296.2294904314
71.278958959,0.9688993995,297.7985231789
71.6532692693,0.9734530546,299.3676452794
72.0275795796,0.9780020069,300.9368576273
72.4018898899,0.9825462688,302.5061611196
72.7762002002,0.9870858528,304.0755566564
73.1505105105,0.9916207716,305.6450451408
73.5248208208,0.9961510375,307.2146274789
73.8991311311,1.0006766629,308.7843045799
74.2734414414,1.0051976602,310.3540773562
74.6477517518,1.0097140418,311.9239467234
75.0220620621,1.0142258201,313.4939136004
75.3963723724,1.0187330072,315.0639789095
75.7706826827,1.0232356155,316.6341435764
76.144992993,1.0277336572,318.2044085299
76.5193033033,1.0322271444,319.7747747028
76.8936136136,1.0367160894,321.345243031
77.2679239239,1.0412005042,322.9158144544
77.6422342342,1.045680401,324.486489916
78.0165445445,1.0501557918,326.057270363
78.3908548549,1.0546266887,327.628156746
78.7651651652,1.0590931037,329.1991500195
79.1394754755,1.0635550488,330.7702511417
79.5137857858,1.0680125359,332.3414610746
79.8880960961,1.072465577,333.9127807844
80.2624064064,1.0769141839,335.4842112408
80.6367167167,1.0813583685,337.0557534177
81.011027027,1.0857981427,338.6274082931
81.3853373373,1.0902335182,340.1991768487
81.7596476476,1.0946645068,341.7710600706
82.133957958,1.0990911204,343.3430589488
82.5082682683,1.1035133705,344.9151744776
82.8825785786,1.107931269,346.4874076553
83.2568888889,1.1123448275,348.0597594846
83.6311991992,1.1167540576,349.6322309722
84.0055095095,1.1211589709,351.2048231293
84.3798198198,1.1255595791,352.7775369714
84.7541301301,1.1299558937,354.350373518
85.1284404404,1.1343479262,355.9233337934
85.5027507508,1.1387356882,357.496418826
85.8770610611,1.1431191911,359.0696296488
86.2513713714,1.1474984464,360.642967299
86.6256816817,1.1518734655,362.2164328186
86.999991992,1.1562442599,363.7900272538
87.3743023023,1.1606108409,365.3637516556
87.7486126126,1.1649732199,366.9376070792
88.1229229229,1.1693314082,368.5115945847
88.4972332332,1.1736854172,370.0857152366
88.8715435435,1.1780352581,371.6599701042
89.2458538539,1.1823809421,373.2343602613
89.6201641642,1.1867224806,374.8088867863
89.9944744745,1.1910598846,376.3835507626
90.3687847848,1.1953931655,377.958353278
90.7430950951,1.1997223344,379.5332954251
91.1174054054,1.2040474024,381.1083783014
91.4917157157,1.2083683806,382.683603009
91.866026026,1.2126852802,384.2589706549
92.2403363363,1.2169981121,385.8344823509
92.6146466466,1.2213068875,387.4101392137
92.988956957,1.2256116174,388.9859423646
93.3632672673,1.2299123128,390.5618929301
93.7375775776,1.2342089846,392.1379920413
94.1118878879,1.2385016438,393.7142408345
94.4861981982,1.2427903014,395.2906404507
94.8605085085,1.2470749682,396.8671920359
95.2348188188,1.2513556552,398.4438967412
95.6091291291,1.2556323732,400.0207557223
95.9834394394,1.2599051331,401.5977701404
96.3577497497,1.2641739457,403.1749411614
96.7320600601,1.2684388218,404.7522699562
97.1063703704,1.2726997721,406.3297577008
97.4806806807,1.2769568075,407.9074055764
97.854990991,1.2812099387,409.4852147691
98.2293013013,1.2854591763,411.0631864702
98.6036116116,1.2897045312,412.6413218759
98.9779219219,1.2939460139,414.2196221877
99.3522322322,1.2981836351,415.7980886122
99.7265425425,1.3024174055,417.3767223611
100.1008528529,1.3066473357,418.9555246513
100.4751631632,1.3108734363,420.5344967048
100.8494734735,1.3150957177,422.1136397489
101.2237837838,1.3193141907,423.6929550159
101.5980940941,1.3235288657,425.2724437436
101.9724044044,1.3277397533,426.8521071747
102.3467147147,1.3319468639,428.4319465573
102.721025025,1.336150208,430.0119631448
103.0953353353,1.340349796,431.5921581957
103.4696456456,1.3445456385,433.1725329739
103.843955956,1.3487377457,434.7530887486
104.2182662663,1.3529261282,436.3338267941
104.5925765766,1.3571107962,437.9147483901
104.9668868869,1.3612917602,439.4958548218
105.3411971972,1.3654690305,441.0771473795
105.7155075075,1.3696426174,442.6586273589
106.0898178178,1.3738125311,444.240296061
106.4641281281,1.377978782,445.8221547923
106.8384384384,1.3821413804,447.4042048646
107.2127487487,1.3863003365,448.986447595
107.5870590591,1.3904556604,450.5688843061
107.9613693694,1.3946073625,452.1515163258
108.3356796797,1.3987554529,453.7343449876
108.70998999,1.4028999418,455.3173716301
109.0843003003,1.4070408393,456.9005975977
109.4586106106,1.4111781555,458.48402424
109.8329209209,1.4153119007,460.0676529122
110.2072312312,1.4194420848,461.6514849748
110.5815415415,1.423568718,463.2355217938
110.9558518519,1.4276918103,464.8197647409
111.3301621622,1.4318113718,466.404215193
111.7044724725,1.4359274124,467.9888745327
112.0787827828,1.4400399423,469.573744148
112.4530930931,1.4441489714,471.1588254326
112.8274034034,1.4482545096,472.7441197855
113.2017137137,1.452356567,474.3296286113
113.576024024,1.4564551535,475.9153533203
113.9503343343,1.4605502789,477.5012953282
114.3246446446,1.4646419533,479.0874560563
114.698954955,1.4687301865,480.6738369315
115.0732652653,1.4728149884,482.2604393863
115.4475755756,1.4768963688,483.8472648589
115.8218858859,1.4809743375,485.4343147928
116.1961961962,1.4850489045,487.0215906375
116.5705065065,1.4891200795,488.6090938478
116.9448168168,1.4931878723,490.1968258844
117.3191271271,1.4972522926,491.7847882134
117.6934374374,1.5013133503,493.3729823068
118.0677477477,1.5053710551,494.961409642
118.4420580581,1.5094254167,496.5500717024
118.8163683684,1.5134764449,498.1389699767
119.1906786787,1.5175241492,499.7281059597
119.564988989,1.5215685394,501.3174811515
119.9392992993,1.5256096252,502.9070970583
120.3136096096,1.5296474162,504.4969551917
120.6879199199,1.5336819221,506.0870570692
121.0622302302,1.5377131524,507.677404214
121.4365405405,1.5417411168,509.2679981551
121.8108508509,1.5457658249,510.8588404273
122.1851611612,1.5497872861,512.4499325709
122.5594714715,1.5538055102,514.0412761323
122.9337817818,1.5578205066,515.6328726635
123.3080920921,1.5618322848,517.2247237225
123.6824024024,1.5658408544,518.8168308729
124.0567127127,1.5698462249,520.4091956842
124.431023023,1.5738484057,522.0018197317
124.8053333333,1.5778474063,523.5947045967
125.1796436436,1.5818432362,525.1878518661
125.553953954,1.5858359048,526.7812631329
125.9282642643,1.5898254216,528.3749399958
126.3025745746,1.5938117958,529.9688840596
126.6768848849,1.597795037,531.5630969347
127.0511951952,1.6017751546,533.1575802376
127.4255055055,1.6057521578,534.7523355907
127.7998158158,1.609726056,536.3473646224
128.1741261261,1.6136968587,537.9426689668
128.5484364364,1.617664575,539.5382502641
128.9227467467,1.6216292144,541.1341101606
129.2970570571,1.6255907861,542.7302503084
129.6713673674,1.6295492993,544.3266723656
130.0456776777,1.6335047635,545.9233779964
130.419987988,1.6374571878,547.5203688708
130.7942982983,1.6414065814,549.117646665
131.1686086086,1.6453529536,550.7152130612
131.5429189189,1.6492963137,552.3130697477
131.9172292292,1.6532366708,553.9112184187
132.2915395395,1.6571740341,555.5096607747
132.6658498499,1.6611084128,557.108398522
133.0401601602,1.665039816,558.7074333733
133.4144704705,1.668968253,560.3067670471
133.7887807808,1.6728937328,561.9064012682
134.1630910911,1.6768162646,563.5063377676
134.5374014014,1.6807358574,565.1065782823
134.9117117117,1.6846525205,566.7071245556
135.286022022,1.6885662628,568.3079783368
135.6603323323,1.6924770935,569.9091413816
136.0346426426,1.6963850215,571.5106154516
136.408952953,1.7002900561,573.1124023151
136.7832632633,1.7041922061,574.714503746
137.1575735736,1.7080914807,576.3169215251
137.5318838839,1.7119878888,577.9196574389
137.9061941942,1.7158814395,579.5227132806
138.2805045045,1.7197721417,581.1260908495
138.6548148148,1.7236600044,582.7297919511
139.0291251251,1.7275450365,584.3338183974
139.4034354354,1.7314272472,585.9381720068
139.7777457457,1.7353066452,587.5428546037
140.1520560561,1.7391832395,589.1478680193
140.5263663664,1.743057039,590.7532140908
140.9006766767,1.7469280527,592.3588946622
141.274986987,1.7507962894,593.9649115835
141.6492972973,1.754661758,595.5712667114
142.0236076076,1.7585244674,597.177961909
142.3979179179,1.7623844265,598.7849990459
142.7722282282,1.7662416441,600.392379998
143.1465385385,1.770096129,602.0001066479
143.5208488488,1.7739478902,603.6081808847
143.8951591592,1.7777969363,605.216604604
144.2694694695,1.7816432762,606.8253797078
144.6437797798,1.7854869188,608.434508105
145.0180900901,1.7893278727,610.0439917108
145.3924004004,1.7931661469,611.6538324472
145.7667107107,1.7970017499,613.2640322427
146.141021021,1.8008346907,614.8745930325
146.5153313313,1.8046649779,616.4855167586
146.8896416416,1.8084926203,618.0968053694
147.263951952,1.8123176266,619.7084608202
147.6382622623,1.8161400055,621.3204850731
148.0125725726,1.8199597657,622.9328800968
148.3868828829,1.823776916,624.5456478668
148.7611931932,1.827591465,626.1587903654
149.1355035035,1.8314034213,627.7723095818
149.5098138138,1.8352127937,629.3862075119
149.8841241241,1.8390195909,631.0004861586
150.2584344344,1.8428238213,632.6151475315
150.6327447447,1.8466254938,634.2301936472
151.0070550551,1.8504246169,635.8456265292
151.3813653654,1.8542211992,637.4614482081
151.7556756757,1.8580152494,639.0776607211
152.129985986,1.861806776,640.6942661129
152.5042962963,1.8655957877,642.3112664347
152.8786066066,1.869382293,643.9286637452
153.2529169169,1.8731663006,645.5464601098
153.6272272272,1.8769478188,647.1646576011
154.0015375375,1.8807268565,648.7832582989
154.3758478478,1.8845034219,650.4022642902
154.7501581582,1.8882775238,652.0216776689
155.1244684685,1.8920491707,653.6415005363
155.4987787788,1.895818371,655.2617350009
155.8730890891,1.8995851333,656.8823831783
156.2473993994,1.9033494661,658.5034471915
156.6217097097,1.9071113779,660.1249291709
156.99602002,1.9108708772,661.7468312539
157.3703303303,1.9146279724,663.3691555856
157.7446406406,1.918382672,664.9919043183
158.118950951,1.9221349846,666.6150796116
158.4932612613,1.9258849185,668.2386836329
158.8675715716,1.9296324823,669.8627185566
159.2418818819,1.9333776843,671.487186565
159.6161921922,1.937120533,673.1120898477
159.9905025025,1.9408610368,674.7374306019
160.3648128128,1.9445992042,676.3632110325
160.7391231231,1.9483350436,677.9894333517
161.1134334334,1.9520685633,679.6160997798
161.4877437437,1.9557997718,681.2432125445
161.8620540541,1.9595286775,682.8707738812
162.2363643644,1.9632552887,684.4987860331
162.6106746747,1.9669796139,686.1272512513
162.984984985,1.9707016613,687.7561717944
163.3592952953,1.9744214395,689.3855499292
163.7336056056,1.9781389567,691.0153879302
164.1079159159,1.9818542213,692.6456880798
164.4822262262,1.9855672416,694.2764526683
164.8565365365,1.9892780261,695.9076839942
165.2308468468,1.992986583,697.5393843638
165.6051571572,1.9966929206,699.1715560915
165.9794674675,2.0003970473,700.8042014998
166.3537777778,2.0040989714,702.4373229195
166.7280880881,2.0077987013,704.0709226893
167.1023983984,2.0114962451,705.7050031562
167.4767087087,2.0151916113,707.3395666756
167.851019019,2.0188848081,708.9746156108
168.2253293293,2.0225758439,710.6101523338
168.5996396396,2.0262647268,712.2461792248
168.97394995,2.0299514653,713.8826986724
169.3482602603,2.0336360675,715.5197130736
169.7225705706,2.0373185417,717.157224834
170.0968808809,2.0409988963,718.7952363676
170.4711911912,2.0446771394,720.433750097
170.8455015015,2.0483532794,722.0727684533
171.2198118118,2.0520273244,723.7122938766
171.5941221221,2.0556992828,725.3523288153
171.9684324324,2.0593691628,726.9928757266
172.3427427427,2.0630369726,728.6339370767
172.7170530531,2.0667027204,730.2755153405
173.0913633634,2.0703664146,731.9176130016
173.4656736737,2.0740280632,733.5602325527
173.839983984,2.0776876747,735.2033764955
174.2142942943,2.0813452571,736.8470473406
174.5886046046,2.0850008187,738.4912476076
174.9629149149,2.0886543677,740.1359798254
175.3372252252,2.0923059123,741.7812465319
175.7115355355,2.0959554608,743.4270502742
176.0858458458,2.0996030213,745.0733936088
176.4601561562,2.103248602,746.7202791012
176.8344664665,2.1068922112,748.3677093266
177.2087767768,2.110533857,750.0156868694
177.5830870871,2.1141735477,751.6642143234
177.9573973974,2.1178112914,753.3132942921
178.3317077077,2.1214470963,754.9629293884
178.706018018,2.1250809707,756.6131222349
179.0803283283,2.1287129226,758.2638754638
179.4546386386,2.1323429604,759.9151917171
179.8289489489,2.1359710921,761.5670736465
180.2032592593,2.1395973259,763.2195239136
180.5775695696,2.1432216701,764.8725451899
180.9518798799,2.1468441328,766.5261401567
181.3261901902,2.1504647222,768.1803115054
181.7005005005,2.1540834465,769.8350619377
182.0748108108,2.1577003138,771.4903941649
182.4491211211,2.1613153323,773.146310909
182.8234314314,2.1649285102,774.8028149019
183.1977417417,2.1685398556,776.459908886
183.5720520521,2.1721493768,778.117595614
183.9463623624,2.1757570819,779.775877849
184.3206726727,2.179362979,781.4347583647
184.694982983,2.1829670764,783.0942399451
185.0692932933,2.1865693822,784.7543253852
185.4436036036,2.1901699046,786.4150174904
185.8179139139,2.1937686517,788.076319077
186.1922242242,2.1973656318,789.738232972
186.5665345345,2.200960853,791.4007620135
186.9408448448,2.2045543235,793.0639090502
187.3151551552,2.2081460513,794.7276769422
187.6894654655,2.2117360449,796.3920685606
188.0637757758,2.2153243122,798.0570867874
188.4380860861,2.2189108615,799.7227345162
188.8123963964,2.2224957009,801.3890146518
189.1867067067,2.2260788387,803.0559301103
189.561017017,2.2296602829,804.7234838193
189.9353273273,2.2332400419,806.3916787179
190.3096376376,2.2368181237,808.060517757
190.6839479479,2.2403945367,809.7300038989
191.0582582583,2.2439692888,811.4001401179
191.4325685686,2.2475423884,813.0709294001
191.8068788789,2.2511138437,814.7423747433
192.1811891892,2.2546836628,816.4144791577
192.5554994995,2.2582518539,818.0872456652
192.9298098098,2.2618184253,819.7606773001
193.3041201201,2.2653833851,821.4347771089
193.6784304304,2.2689467415,823.1095481504
194.0527407407,2.2725085028,824.7849934959
194.4270510511,2.2760686772,826.461116229
194.8013613614,2.2796272729,828.1379194461
195.1756716717,2.2831842981,829.8154062561
195.549981982,2.2867397611,831.493579781
195.9242922923,2.2902936701,833.1724431552
196.2986026026,2.2938460332,834.8519995264
196.6729129129,2.2973968589,836.5322520552
197.0472232232,2.3009461552,838.2132039153
197.4215335335,2.3044939305,839.8948582936
197.7958438438,2.308040193,841.5772183906
198.1701541542,2.311584951,843.2602874197
198.5444644645,2.3151282127,844.9440686084
198.9187747748,2.3186699865,846.6285651973
199.2930850851,2.3222102805,848.3137804411
199.6673953954,2.3257491031,849.999717608
200.0417057057,2.3292864626,851.6863799803
200.416016016,2.3328223672,853.3737708542
200.7903263263,2.3363568253,855.0618935402
201.1646366366,2.3398898452,856.7507513628
201.5389469469,2.3434214351,858.440347661
201.9132572573,2.3469516035,860.1306857881
202.2875675676,2.3504803586,861.821769112
202.6618778779,2.3540077089,863.5136010153
203.0361881882,2.3575336625,865.2061848953
203.4104984985,2.361058228,866.8995241641
203.7848088088,2.3645814135,868.593622249
204.1591191191,2.3681032277,870.2884825923
204.5334294294,2.3716236787,871.9841086514
204.9077397397,2.375142775,873.6805038992
205.2820500501,2.378660525,875.3776718239
205.6563603604,2.3821769371,877.0756159295
206.0306706707,2.3856920197,878.7743397355
206.404980981,2.3892057812,880.4738467773
206.7792912913,2.3927182301,882.1741406063
207.1536016016,2.3962293748,883.8752247897
207.5279119119,2.3997392238,885.5771029113
207.9022222222,2.4032477855,887.2797785709
208.2765325325,2.4067550684,888.9832553849
208.6508428428,2.410261081,890.6875369862
209.0251531532,2.4137658319,892.3926270246
209.3994634635,2.4172693294,894.0985291666
209.7737737738,2.4207715821,895.8052470956
210.1480840841,2.4242725986,897.5127845123
210.5223943944,2.4277723875,899.2211451347
210.8967047047,2.4312709571,900.930332698
211.271015015,2.4347683162,902.6403509551
211.6453253253,2.4382644734,904.3512036766
212.0196356356,2.4417594371,906.0628946508
212.3939459459,2.445253216,907.7754276842
212.7682562563,2.4487458188,909.4888066013
213.1425665666,2.4522372541,911.2030352447
213.5168768769,2.4557275305,912.9181174759
213.8911871872,2.4592166566,914.6340571746
214.2654974975,2.4627046413,916.3508582395
214.6398078078,2.4661914931,918.0685245879
215.0141181181,2.4696772207,919.7870601565
215.3884284284,2.473161833,921.506468901
215.7627387387,2.4766453386,923.2267547966
216.1370490491,2.4801277463,924.9479218381
216.5113593594,2.4836090648,926.6699740399
216.8856696697,2.4870893029,928.3929154363
217.25997998,2.4905684696,930.1167500818
217.6342902903,2.4940465734,931.8414820511
218.0086006006,2.4975236234,933.5671154392
218.3829109109,2.5009996284,935.2936543617
218.7572212212,2.5044745972,937.0211029551
219.1315315315,2.5079485387,938.7494653769
219.5058418418,2.5114214618,940.4787458055
219.8801521522,2.5148933756,942.2089484408
220.2544624625,2.5183642888,943.9400775041
220.6287727728,2.5218342105,945.6721372386
221.0030830831,2.5253031497,947.4051319092
221.3773933934,2.5287711153,949.139065803
221.7517037037,2.5322381165,950.8739432292
222.126014014,2.5357041622,952.6097685198
222.5003243243,2.5391692615,954.3465460293
222.8746346346,2.5426334235,956.0842801351
223.2489449449,2.5460966573,957.8229752378
223.6232552553,2.5495589721,959.5626357611
223.9975655656,2.553020377,961.3032661525
224.3718758759,2.5564808812,963.0448708831
224.7461861862,2.5599404939,964.7874544479
225.1204964965,2.5633992242,966.5310213661
225.4948068068,2.5668570815,968.2755761816
225.8691171171,2.5703140751,970.0211234624
226.2434274274,2.5737702141,971.7676678018
226.6177377377,2.5772255081,973.515213818
226.992048048,2.5806799662,975.2637661545
227.3663583584,2.5841335978,977.0133294805
227.7406686687,2.5875864124,978.7639084907
228.114978979,2.5910384194,980.5155079062
228.4892892893,2.5944896283,982.2681324742
228.8635995996,2.5979400484,984.0217869685
229.2379099099,2.6013896893,985.7764761895
229.6122202202,2.6048385606,987.532204965
229.9865305305,2.6082866718,989.2889781497
230.3608408408,2.6117340325,991.0468006262
230.7351511512,2.6151806523,992.8056773046
231.1094614615,2.6186265409,994.5656131235
231.4837717718,2.6220717078,996.3266130494
231.8580820821,2.625516163,998.0886820779
232.2323923924,2.628959916,999.8518252332
232.6067027027,2.6324029766,1001.6160475687
232.981013013,2.6358453547,1003.3813541676
233.3553233233,2.6392870601,1005.1477501425
233.7296336336,2.6427281027,1006.9152406364
234.1039439439,2.6461684922,1008.6838308223
234.4782542543,2.6496082388,1010.4535259041
234.8525645646,2.6530473523,1012.2243311167
235.2268748749,2.6564858427,1013.9962517262
235.6011851852,2.6599237202,1015.7692930302
235.9754954955,2.6633609946,1017.5434603585
236.3498058058,2.6667976763,1019.3187590727
236.7241161161,2.6702337752,1021.0951945673
237.0984264264,2.6736693016,1022.8727722694
237.4727367367,2.6771042657,1024.6514976397
237.847047047,2.6805386777,1026.431376172
238.2213573574,2.6839725479,1028.2124133942
238.5956676677,2.6874058868,1029.9946148686
238.969977978,2.6908387046,1031.7779861917
239.3442882883,2.6942710117,1033.5625329952
239.7185985986,2.6977028186,1035.3482609461
240.0929089089,2.7011341359,1037.135175747
240.4672192192,2.7045649739,1038.9232831365
240.8415295295,2.7079953434,1040.7125888896
241.2158398398,2.7114252549,1042.5030988181
241.5901501502,2.714854719,1044.2948187711
241.9644604605,2.7182837466,1046.0877546351
242.3387707708,2.7217123483,1047.8819123345
242.7130810811,2.725140535,1049.6772978322
243.0873913914,2.7285683174,1051.4739171299
243.4617017017,2.7319957066,1053.2717762682
243.836012012,2.7354227133,1055.0708813276
244.2103223223,2.7388493486,1056.8712384283
244.5846326326,2.7422756235,1058.6728537311
244.9589429429,2.7457015492,1060.4757334377
245.3332532533,2.7491271367,1062.279883791
245.7075635636,2.7525523971,1064.0853110757
246.0818738739,2.7559773419,1065.8920216186
246.4561841842,2.7594019822,1067.7000217893
246.8304944945,2.7628263293,1069.5093180005
247.2048048048,2.7662503947,1071.3199167083
247.5791151151,2.7696741898,1073.131824413
247.9534254254,2.773097726,1074.9450476595
248.3277357357,2.7765210151,1076.7595930377
248.702046046,2.7799440684,1078.575467183
249.0763563564,2.7833668978,1080.3926767767
249.4506666667,2.786789515,1082.211228547
249.824976977,2.7902119317,1084.0311292687
250.1992872873,2.7936341597,1085.8523857646
250.5735975976,2.797056211,1087.6750049054
250.9479079079,2.8004780975,1089.4989936105
251.3222182182,2.8038998313,1091.3243588485
251.6965285285,2.8073214244,1093.1511076378
252.0708388388,2.810742889,1094.979247047
252.4451491492,2.8141642373,1096.8087841957
252.8194594595,2.8175854816,1098.639726255
253.1937697698,2.8210066341,1100.4720804481
253.5680800801,2.8244277075,1102.3058540506
253.9423903904,2.827848714,1104.1410543915
254.3167007007,2.8312696662,1105.9776888539
254.691011011,2.8346905769,1107.815764875
255.0653213213,2.8381114585,1109.6552899475
255.4396316316,2.841532324,1111.4962716195
255.8139419419,2.8449531862,1113.3387174958
256.1882522523,2.8483740578,1115.1826352381
256.5625625626,2.851794952,1117.028032566
256.9368728729,2.8552158818,1118.8749172574
257.3111831832,2.8586368603,1120.7232971493
257.6854934935,2.8620579007,1122.5731801387
258.0598038038,2.8654790162,1124.4245741828
258.4341141141,2.8689002204,1126.2774873004
258.8084244244,2.8723215265,1128.1319275719
259.1827347347,2.8757429482,1129.9879031407
259.557045045,2.879164499,1131.8454222135
259.9313553554,2.8825861927,1133.7044930613
260.3056656657,2.886008043,1135.5651240202
260.679975976,2.8894300637,1137.4273234919
261.0542862863,2.8928522689,1139.2910999447
261.4285965966,2.8962746726,1141.1564619145
261.8029069069,2.8996972889,1143.0234180053
262.1772172172,2.903120132,1144.8919768901
262.5515275275,2.9065432163,1146.7621473119
262.9258378378,2.9099665561,1148.6339380845
263.3001481481,2.913390166,1150.5073580933
263.6744584585,2.9168140606,1152.3824162962
264.0487687688,2.9202382545,1154.2591217246
264.4230790791,2.9236627626,1156.1374834844
264.7973893894,2.9270875998,1158.0175107566
265.1716996997,2.930512781,1159.8992127985
265.54601001,2.9339383213,1161.7825989446
265.9203203203,2.9373642361,1163.6676786076
266.2946306306,2.9407905405,1165.5544612794
266.6689409409,2.9442172501,1167.4429565321
267.0432512513,2.9476443802,1169.3331740189
267.4175615616,2.9510719467,1171.2251234754
267.7918718719,2.9544999652,1173.1188147204
268.1661821822,2.9579284516,1175.0142576571
268.5404924925,2.9613574219,1176.9114622743
268.9148028028,2.9647868922,1178.8104386473
269.2891131131,2.9682168787,1180.711196939
269.6634234234,2.9716473978,1182.6137474013
270.0377337337,2.9750784659,1184.5181003762
270.412044044,2.9785100996,1186.4242662967
270.7863543544,2.9819423156,1188.3322556885
271.1606646647,2.9853751307,1190.2420791707
271.534974975,2.988808562,1192.1537474574
271.9092852853,2.9922426265,1194.0672713588
272.2835955956,2.9956773415,1195.9826617827
272.6579059059,2.9991127243,1197.8999297355
273.0322162162,3.0025487925,1199.8190863238
273.4065265265,3.0059855637,1201.7401427554
273.7808368368,3.0094230556,1203.6631103413
274.1551471471,3.0128612863,1205.5880004964
274.5294574575,3.0163002737,1207.5148247414
274.9037677678,3.0197400362,1209.443594704
275.2780780781,3.023180592,1211.3743221206
275.6523883884,3.0266219598,1213.3070188376
276.0266986987,3.0300641581,1215.2416968128
276.401009009,3.0335072059,1217.1783681176
276.7753193193,3.0369511221,1219.1170449376
277.1496296296,3.0403959259,1221.0577395751
277.5239399399,3.0438416366,1223.0004644503
277.8982502503,3.0472882737,1224.9452321028
278.2725605606,3.0507358568,1226.8920551939
278.6468708709,3.0541844059,1228.8409465078
279.0211811812,3.0576339407,1230.7919189532
279.3954914915,3.0610844817,1232.744985566
279.7698018018,3.0645360491,1234.70015951
280.1441121121,3.0679886634,1236.6574540795
280.5184224224,3.0714423453,1238.6168827009
280.8927327327,3.0748971159,1240.5784589347
281.267043043,3.0783529961,1242.5421964775
281.6413533534,3.0818100074,1244.5081091638
282.0156636637,3.085268171,1246.4762109682
282.389973974,3.0887275089,1248.4465160074
282.7642842843,3.0921880428,1250.4190385424
283.1385945946,3.0956497948,1252.3937929805
283.5129049049,3.0991127873,1254.3707938777
283.8872152152,3.1025770428,1256.3500559406
284.2615255255,3.1060425839,1258.3315940289
284.6358358358,3.1095094338,1260.3154231578
285.0101461461,3.1129776154,1262.3015585
285.3844564565,3.1164471523,1264.2900153885
285.7587667668,3.1199180681,1266.2808093188
286.1330770771,3.1233903866,1268.2739559515
286.5073873874,3.126864132,1270.2694711149
286.8816976977,3.1303393285,1272.2673708072
287.256008008,3.1338160008,1274.2676711998
287.6303183183,3.1372941738,1276.2703886394
288.0046286286,3.1407738724,1278.2755396511
288.3789389389,3.144255122,1280.2831409411
288.7532492493,3.1477379483,1282.2932093996
289.1275595596,3.1512223772,1284.3057621036
289.5018698699,3.1547084347,1286.3208163199
289.8761801802,3.1581961472,1288.3383895083
290.2504904905,3.1616855416,1290.3584993245
290.6248008008,3.1651766447,1292.3811636235
290.9991111111,3.1686694839,1294.4064004625
291.3734214214,3.1721640867,1296.4342281044
291.7477317317,3.1756604809,1298.4646650212
292.122042042,3.1791586948,1300.4977298973
292.4963523524,3.1826587567,1302.5334416331
292.8706626627,3.1861606956,1304.5718193485
293.244972973,3.1896645404,1306.6128823865
293.6192832833,3.1931703206,1308.6566503172
293.9935935936,3.1966780661,1310.7031429413
294.3679039039,3.2001878068,1312.752380294
294.7422142142,3.2036995732,1314.8043826493
295.1165245245,3.2072133962,1316.8591705236
295.4908348348,3.2107293068,1318.9167646803
295.8651451451,3.2142473366,1320.9771861337
296.2394554555,3.2177675174,1323.0404561535
296.6137657658,3.2212898814,1325.1065962689
296.9880760761,3.2248144614,1327.1756282738
297.3623863864,3.2283412903,1329.2475742306
297.7366966967,3.2318704015,1331.3224564757
298.111007007,3.2354018288,1333.4002976236
298.4853173173,3.2389356065,1335.4811205723
298.8596276276,3.2424717691,1337.5649485085
299.2339379379,3.2460103518,1339.6518049122
299.6082482482,3.24955139,1341.7417135623
299.9825585586,3.2530949196,1343.8346985421
300.3568688689,3.256640977,1345.9307842447
300.7311791792,3.2601895991,1348.0299953787
301.1054894895,3.2637408231,1350.1323569738
301.4797997998,3.2672946868,1352.237894387
301.8541101101,3.2708512285,1354.3466333086
302.2284204204,3.2744104868,1356.4585997684
302.6027307307,3.2779725011,1358.5738201417
302.977041041,3.2815373112,1360.6923211564
303.3513513514,3.2851049572,1362.8141298994
303.7256616617,3.28867548,1364.9392738232
304.099971972,3.2922489209,1367.0677807532
304.4742822823,3.2958253218,1369.1996788948
304.8485925926,3.2994047253,1371.3349968407
305.2229029029,3.3029871743,1373.4737635783
305.5972132132,3.3065727125,1375.6160084976
305.9715235235,3.310161384,1377.761761399
306.3458338338,3.3137532337,1379.9110525014
306.7201441441,3.3173483071,1382.0639124507
307.0944544545,3.3209466503,1384.2203723277
307.4687647648,3.3245483099,1386.3804636578
307.8430750751,3.3281533334,1388.544218419
308.2173853854,3.3317617689,1390.7116690516
308.5916956957,3.3353736651,1392.8828484677
308.966006006,3.3389890714,1395.0577900604
309.3403163163,3.342608038,1397.2365277144
309.7146266266,3.3462306159,1399.4190958155
310.0889369369,3.3498568567,1401.6055292615
310.4632472472,3.3534868129,1403.7958634727
310.8375575576,3.3571205376,1405.9901344032
311.2118678679,3.3607580848,1408.1883785521
311.5861781782,3.3643995093,1410.3906329748
311.9604884885,3.3680448669,1412.5969352956
312.3347987988,3.3716942139,1414.8073237195
312.7091091091,3.3753476079,1417.021837045
313.0834194194,3.3790051069,1419.240514677
313.4577297297,3.3826667703,1421.4633966402
313.83204004,3.3863326581,1423.6905235929
314.2063503504,3.3900028313,1425.921936841
314.5806606607,3.393677352,1428.1576783526
314.954970971,3.3973562832,1430.3977907726
315.3292812813,3.4010396889,1432.6423174388
315.7035915916,3.4047276342,1434.8913023968
316.0779019019,3.4084201853,1437.1447904172
316.4522122122,3.4121174093,1439.4028270115
316.8265225225,3.4158193747,1441.6654584501
317.2008328328,3.4195261509,1443.9327317795
317.5751431431,3.4232378086,1446.2046948411
317.9494534535,3.4269544196,1448.4813962895
318.3237637638,3.4306760571,1450.7628856127
318.6980740741,3.4344027954,1453.0492131516
319.0723843844,3.4381347101,1455.3404301205
319.4466946947,3.4418718783,1457.6365886292
319.821005005,3.4456143781,1459.9377417041
320.1953153153,3.4493622893,1462.2439433117
320.5696256256,3.4531156931,1464.5552483812
320.9439359359,3.456874672,1466.8717128292
321.3182462462,3.4606393101,1469.1933935846
321.6925565566,3.4644096929,1471.5203486142
322.0668668669,3.4681859078,1473.8526369491
322.4411771772,3.4719680435,1476.1903187127
322.8154874875,3.4757561905,1478.5334551487
323.1897977978,3.4795504409,1480.8821086504
323.5641081081,3.4833508886,1483.2363427913
323.9384184184,3.4871576294,1485.5962223562
324.3127287287,3.4909707608,1487.961813374
324.687039039,3.4947903823,1490.3331831508
325.0613493494,3.4986165952,1492.710400305
325.4356596597,3.502449503,1495.093534803
325.80996997,3.5062892111,1497.4826579965
326.1842802803,3.510135827,1499.8778426613
326.5585905906,3.5139894606,1502.2791630367
326.9329009009,3.5178502237,1504.6866948674
327.3072112112,3.5217182307,1507.1005154463
327.6815215215,3.5255935982,1509.5207036585
328.0558318318,3.5294764453,1511.9473400282
328.4301421421,3.5333668936,1514.3805067658
328.8044524525,3.5372650673,1516.820287818
329.1787627628,3.5411710932,1519.2667689195
329.5530730731,3.5450851008,1521.7200376459
329.9273833834,3.5490072226,1524.1801834699
330.3016936937,3.552937594,1526.6472978188
330.676004004,3.5568763532,1529.1214741346
331.0503143143,3.5608236416,1531.6028079365
331.4246246246,3.5647796039,1534.0913968858
331.7989349349,3.5687443879,1536.5873408534
332.1732452452,3.5727181451,1539.0907419902
332.5475555556,3.5767010302,1541.6017048004
332.9218658659,3.5806932017,1544.1203362175
333.2961761762,3.5846948218,1546.6467456843
333.6704864865,3.5887060565,1549.1810452352
334.0447967968,3.5927270761,1551.7233495829
334.4191071071,3.5967580546,1554.2737762083
334.7934174174,3.6007991706,1556.8324454548
335.1677277277,3.604850607,1559.3994806264
335.542038038,3.6089125514,1561.9750080902
335.9163483483,3.6129851961,1564.5591573836
336.2906586587,3.6170687381,1567.1520613262
336.664968969,3.6211633799,1569.7538561372
337.0392792793,3.6252693289,1572.3646815579
337.4135895896,3.6293867982,1574.9846809798
337.7878998999,3.6335160065,1577.6140015793
338.1622102102,3.6376571785,1580.2527944583
338.5365205205,3.6418105447,1582.9012147917
338.9108308308,3.6459763423,1585.5594219825
339.2851411411,3.650154815,1588.227579824
339.6594514515,3.6543462132,1590.9058566704
340.0337617618,3.6585507946,1593.5944256158
340.4080720721,3.6627688242,1596.2934646827
340.7823823824,3.6670005747,1599.0031570199
341.1566926927,3.671246327,1601.7236911107
341.531003003,3.6755063701,1604.4552609922
341.9053133133,3.6797810018,1607.1980664865
342.2796236236,3.6840705292,1609.9523134442
342.6539339339,3.6883752685,1612.7182140008
343.0282442442,3.6926955459,1615.4959868484
343.4025545546,3.6970316982,1618.2858575214
343.7768648649,3.7013840725,1621.0880586993
344.1511751752,3.7057530274,1623.9028305263
344.5254854855,3.7101389335,1626.7304209502
344.8997957958,3.7145421732,1629.5710860805
345.2741061061,3.7189631421,1632.4250905684
345.6484164164,3.7234022494,1635.2927080096
346.0227267267,3.7278599182,1638.1742213722
346.397037037,3.7323365867,1641.0699234505
346.7713473473,3.7368327084,1643.9801173481
347.1456576577,3.7413487533,1646.9051169917
347.519967968,3.7458852088,1649.8452476778
347.8942782783,3.7504425799,1652.8008466562
348.2685885886,3.7550213912,1655.7722637519
348.6428988989,3.7596221868,1658.7598620288
349.0172092092,3.7642455323,1661.7640185004
349.3915195195,3.7688920153,1664.7851248882
349.7658298298,3.7735622473,1667.8235884359
350.1401401401,3.7782568642,1670.8798327807
350.5144504505,3.7829765284,1673.954298889
350.8887607608,3.7877219301,1677.0474460621
351.2630710711,3.7924937889,1680.1597530171
351.6373813814,3.7972928558,1683.2917190517
352.0116916917,3.8021199146,1686.4438652994
352.386002002,3.8069757845,1689.6167360851
352.7603123123,3.8118613223,1692.8109003903
353.1346226226,3.8167774245,1696.026953439
353.5089329329,3.82172503,1699.2655184165
353.8832432432,3.8267051233,1702.5272483354
354.2575535536,3.8317187371,1705.8128280644
354.6318638639,3.836766956,1709.1229765365
355.0061741742,3.8418509202,1712.4584491573
355.3804844845,3.8469718294,1715.8200404367
355.7547947948,3.8521309469,1719.2085868666
356.1291051051,3.8573296053,1722.6249700775
356.5034154154,3.8625692107,1726.0701203034
356.8777257257,3.8678512496,1729.5450201959
357.252036036,3.8731772942,1733.0507090284
357.6263463463,3.8785490108,1736.5882873424
358.0006566567,3.8839681665,1740.1589220917
358.374966967,3.8894366387,1743.7638523526
358.7492772773,3.8949564245,1747.404395676
359.1235875876,3.9005296516,1751.0819551736
359.4978978979,3.9061585906,1754.7980274407
359.8722082082,3.9118456682,1758.554211442
360.2465185185,3.9175934833,1762.3522185041
360.6208288288,3.9234048232,1766.1938835884
360.9951391391,3.9292826843,1770.0811780477
361.3694494495,3.9352302933,1774.016224112
361.7437597598,3.9412511335,1778.0013113966
362.1180700701,3.9473489728,1782.0389157844
362.4923803804,3.9535278978,1786.1317211125
362.8666906907,3.9597923518,1790.2826441832
363.241001001,3.9661471791,1794.4948637413
363.6153113113,3.9725976774,1798.7718542057
363.9896216216,3.979149658,1803.1174251383
364.3639319319,3.9858095171,1807.5357676791
364.7382422422,3.9925843205,1812.0315094975
365.1125525526,3.9994819042,1816.6097802332
365.4868628629,4.0065109947,1821.2762899591
365.8611731732,4.013681355,1826.0374239514
366.2354834835,4.0210039621,1830.9003580679
366.6097937938,4.0284912249,1835.8732004379
366.9841041041,4.0361572543,1840.9651671147
367.3584144144,4.044018202,1846.1868020994
367.7327247247,4.0520926898,1851.5502561062
368.107035035,4.0604023599,1857.0696442437
368.4813453453,4.0689725919,1862.7615114518
368.8556556557,4.0778334503,1868.6454477758
369.229965966,4.0870209605,1874.7449163037
369.6042762763,4.0965788598,1881.088390026
369.9785865866,4.1065610605,1887.7109495368
370.3528968969,4.1170352053,1894.6565896584
370.7272072072,4.1280879668,1901.9816565558
371.1015175175,4.1398332493,1909.7601662389
371.4758278278,4.1524254782,1918.0924198864
371.8501381381,4.1660823902,1927.1197763379
372.2244484484,4.181127069,1937.0518929222
372.5987587588,4.198073349,1948.2220589546
372.9730690691,4.2178246161,1961.2159729012
373.3473793794,4.2422443138,1977.2412166948
373.7216896897,4.276558607,1999.6829068106
374.096,4.4104327727,2086.5741964808
374.096,4.4104327727,2086.5741964808
373.7216896897,4.5685154298,2188.4977165343
373.3473793794,4.6154310082,2218.4494585962
372.9730690691,4.6495926557,2240.1264986199
372.5987587588,4.6774797486,2257.7262354574
372.2244484484,4.7014828763,2272.7981816406
371.8501381381,4.7227905843,2286.1131321995
371.4758278278,4.7420929242,2298.1188352946
371.1015175175,4.7598314279,2309.1019339243
370.7272072072,4.7763082354,2319.2586797087
370.3528968969,4.7917405609,2328.7302347049
369.9785865866,4.8062905915,2337.6220543778
369.6042762763,4.8200831167,2346.0153193919
369.229965966,4.833216521,2353.9740657456
368.8556556557,4.8457699553,2361.5498366661
368.4813453453,4.85780819,2368.7848322083
368.107035035,4.8693850046,2375.7141089975
367.7327247247,4.8805456175,2382.3671577246
367.3584144144,4.8913284679,2388.7690604734
366.9841041041,4.9017665501,2394.9413567998
366.6097937938,4.9118884279,2400.9027032557
366.2354834835,4.9217190198,2406.6693834364
365.8611731732,4.9312802146,2412.2557079034
365.4868628629,4.9405913593,2417.6743316629
365.1125525526,4.9496696514,2422.9365090277
364.7382422422,4.9585304564,2428.0523002972
364.3639319319,4.967187568,2433.0307409199
363.9896216216,4.9756534226,2437.8799811257
363.6153113113,4.9839392779,2442.6074020814
363.241001001,4.9920553624,2447.2197132131
362.8666906907,5.000011001,2451.7230342893
362.4923803804,5.0078147227,2456.1229650801
362.1180700701,5.0154743514,2460.4246448109
361.7437597598,5.0229970841,2464.6328031772
361.3694494495,5.0303895587,2468.7518043382
360.9951391391,5.0376579124,2472.7856850315
360.6208288288,5.0448078324,2476.7381877419
360.2465185185,5.0518446006,2480.6127896831
359.8722082082,5.0587731322,2484.4127282214
359.4978978979,5.0655980105,2488.141023259
359.1235875876,5.0723235166,2491.8004970098
358.7492772773,5.0789536569,2495.3937915281
358.374966967,5.0854921865,2498.9233842953
358.0006566567,5.0919426306,2502.3916021191
357.6263463463,5.0983083036,2505.8006335649
357.252036036,5.1045923262,2509.152540102
356.8777257257,5.1107976405,2512.4492661246
356.5034154154,5.1169270241,2515.692647983
356.1291051051,5.1229831025,2518.884422141
355.7547947948,5.1289683601,2522.0262325607
355.3804844845,5.1348851509,2525.1196374027
355.0061741742,5.1407357075,2528.1661151169
354.6318638639,5.1465221498,2531.1670699906
354.2575535536,5.1522464923,2534.1238372116
353.8832432432,5.1579106518,2537.0376874964
353.5089329329,5.1635164534,2539.9098313299
353.1346226226,5.1690656367,2542.7414228539
352.7603123123,5.1745598608,2545.5335634398
352.386002002,5.1800007102,2548.287304977
352.0116916917,5.1853896983,2551.0036529029
351.6373813814,5.1907282727,2553.6835689997
351.2630710711,5.1960178184,2556.3279739792
350.8887607608,5.201259662,2558.9377498753
350.5144504505,5.2064550744,2561.5137422599
350.1401401401,5.2116052749,2564.0567623006
349.7658298298,5.216711433,2566.5675886705
349.3915195195,5.2217746721,2569.0469693255
349.0172092092,5.2267960714,2571.4956231588
348.6428988989,5.2317766683,2573.9142415428
348.2685885886,5.236717461,2576.3034897687
347.8942782783,5.2416194101,2578.6640083901
347.519967968,5.2464834407,2580.9964144803
347.1456576577,5.2513104442,2583.3013028083
346.7713473473,5.25610128,2585.5792469412
346.397037037,5.2608567768,2587.8308002775
346.0227267267,5.2655777346,2590.0564970166
345.6484164164,5.2702649256,2592.2568530703
345.2741061061,5.2749190957,2594.4323669192
344.8997957958,5.2795409657,2596.5835204183
344.5254854855,5.2841312325,2598.7107795562
344.1511751752,5.28869057,2600.8145951704
343.7768648649,5.2932196306,2602.8954036213
343.4025545546,5.2977190454,2604.9536274296
343.0282442442,5.3021894259,2606.9896758769
342.6539339339,5.3066313644,2609.0039455745
342.2796236236,5.3110454348,2610.9968210008
341.9053133133,5.3154321936,2612.9686750099
341.531003003,5.3197921805,2614.919869314
341.1566926927,5.3241259193,2616.8507549394
340.7823823824,5.3284339181,2618.7616726601
340.4080720721,5.3327166703,2620.6529534082
340.0337617618,5.3369746551,2622.5249186645
339.6594514515,5.3412083382,2624.3778808287
339.2851411411,5.3454181719,2626.2121435718
338.9108308308,5.3496045961,2628.0280021713
338.5365205205,5.3537680385,2629.8257438299
338.1622102102,5.3579089152,2631.6056479786
337.7878998999,5.3620276309,2633.3679865666
337.4135895896,5.3661245797,2635.1130243363
337.0392792793,5.3702001451,2636.8410190862
336.664968969,5.3742547008,2638.5522219216
336.2906586587,5.3782886106,2640.2468774937
335.9163483483,5.3823022291,2641.9252242284
335.542038038,5.3862959019,2643.5874945443
335.1677277277,5.3902699657,2645.2339150611
334.7934174174,5.3942247493,2646.8647067998
334.4191071071,5.3981605728,2648.4800853727
334.0447967968,5.402077749,2650.0802611665
333.6704864865,5.4059765829,2651.665439517
333.2961761762,5.4098573722,2653.2358208768
332.9218658659,5.4137204076,2654.7916009752
332.5475555556,5.4175659729,2656.3329709726
332.1732452452,5.4213943455,2657.8601176079
331.7989349349,5.4252057962,2659.3732233397
331.4246246246,5.4290005897,2660.8724664823
331.0503143143,5.4327789847,2662.3580213362
330.676004004,5.4365412341,2663.830058313
330.3016936937,5.4402875851,2665.2887440559
329.9273833834,5.4440182796,2666.7342415552
329.5530730731,5.4477335543,2668.1667102594
329.1787627628,5.4514336404,2669.5863061823
328.8044524525,5.4551187646,2670.9931820053
328.4301421421,5.4587891485,2672.3874871769
328.0558318318,5.4624450091,2673.7693680075
327.6815215215,5.4660865589,2675.1389677613
327.3072112112,5.469714006,2676.4964267446
326.9329009009,5.4733275542,2677.8418823909
326.5585905906,5.4769274032,2679.1754693428
326.1842802803,5.4805137487,2680.4973195312
325.80996997,5.4840867823,2681.8075622516
325.4356596597,5.4876466921,2683.1063242375
325.0613493494,5.4911936623,2684.3937297312
324.687039039,5.4947278735,2685.6699005527
324.3127287287,5.498249503,2686.9349561658
323.9384184184,5.5017587244,2688.1890137414
323.5641081081,5.5052557083,2689.4321882198
323.1897977978,5.5087406219,2690.6645923699
322.8154874875,5.5122136294,2691.886336847
322.4411771772,5.5156748918,2693.0975302484
322.0668668669,5.5191245673,2694.298279167
321.6925565566,5.5225628111,2695.4886882438
321.3182462462,5.5259897757,2696.6688602177
320.9439359359,5.5294056108,2697.8388959747
320.5696256256,5.5328104634,2698.9988945948
320.1953153153,5.5362044779,2700.1489533976
319.821005005,5.5395877964,2701.2891679866
319.4466946947,5.5429605582,2702.4196322919
319.0723843844,5.5463229003,2703.5404386118
318.6980740741,5.5496749576,2704.6516776526
318.3237637638,5.5530168624,2705.7534385679
317.9494534535,5.5563487449,2706.8458089964
317.5751431431,5.5596707332,2707.9288750978
317.2008328328,5.5629829531,2709.0027215889
316.8265225225,5.5662855285,2710.0674317779
316.4522122122,5.5695785813,2711.1230875973
316.0779019019,5.5728622312,2712.1697696369
315.7035915916,5.5761365962,2713.2075571746
315.3292812813,5.5794017925,2714.2365282073
314.954970971,5.582657934,2715.2567594805
314.5806606607,5.5859051335,2716.2683265166
314.2063503504,5.5891435014,2717.2713036431
313.83204004,5.5923731468,2718.2657640198
313.4577297297,5.5955941771,2719.251779665
313.0834194194,5.5988066978,2720.2294214809
312.7091091091,5.6020108131,2721.1987592787
312.3347987988,5.6052066256,2722.1598618026
311.9604884885,5.6083942362,2723.1127967535
311.5861781782,5.6115737445,2724.0576308115
311.2118678679,5.6147452486,2724.9944296584
310.8375575576,5.617908845,2725.9232579992
310.4632472472,5.6210646292,2726.844179583
310.0889369369,5.624212695,2727.7572572235
309.7146266266,5.627353135,2728.662552819
309.3403163163,5.6304860405,2729.5601273715
308.966006006,5.6336115015,2730.4500410059
308.5916956957,5.6367296067,2731.3323529878
308.2173853854,5.6398404438,2732.207121742
307.8430750751,5.6429440991,2733.0744048694
307.4687647648,5.6460406577,2733.9342591641
307.0944544545,5.6491302037,2734.7867406298
306.7201441441,5.6522128202,2735.631904496
306.3458338338,5.6552885888,2736.4698052337
305.9715235235,5.6583575904,2737.3004965703
305.5972132132,5.6614199048,2738.124031505
305.2229029029,5.6644756105,2738.9404623226
304.8485925926,5.6675247853,2739.7498406083
304.4742822823,5.6705675059,2740.5522172611
304.099971972,5.6736038481,2741.3476425073
303.7256616617,5.6766338866,2742.1361659136
303.3513513514,5.6796576953,2742.9178363998
302.977041041,5.6826753472,2743.6927022515
302.6027307307,5.6856869142,2744.4608111317
302.2284204204,5.6886924677,2745.2222100935
301.8541101101,5.691692078,2745.9769455908
301.4797997998,5.6946858145,2746.7250634901
301.1054894895,5.697673746,2747.4666090815
300.7311791792,5.7006559403,2748.2016270893
300.3568688689,5.7036324645,2748.9301616825
299.9825585586,5.706603385,2749.6522564851
299.6082482482,5.7095687672,2750.3679545861
299.2339379379,5.712528676,2751.0772985495
298.8596276276,5.7154831754,2751.7803304235
298.4853173173,5.7184323289,2752.4770917498
298.111007007,5.721376199,2753.1676235731
297.7366966967,5.7243148478,2753.8519664496
297.3623863864,5.7272483365,2754.5301604562
296.9880760761,5.7301767258,2755.2022451983
296.6137657658,5.7331000755,2755.8682598187
296.2394554555,5.7360184452,2756.5282430054
295.8651451451,5.7389318934,2757.1822329996
295.4908348348,5.7418404783,2757.8302676037
295.1165245245,5.7447442573,2758.4723841884
294.7422142142,5.7476432873,2759.1086197006
294.3679039039,5.7505376246,2759.7390106703
293.9935935936,5.7534273251,2760.3635932178
293.6192832833,5.7563124437,2760.982403061
293.244972973,5.7591930353,2761.5954755213
292.8706626627,5.7620691537,2762.2028455314
292.4963523524,5.7649408527,2762.8045476407
292.122042042,5.7678081851,2763.4006160223
291.7477317317,5.7706712036,2763.9910844792
291.3734214214,5.7735299601,2764.57598645
290.9991111111,5.7763845061,2765.1553550153
290.6248008008,5.7792348927,2765.7292229031
290.2504904905,5.7820811704,2766.2976224948
289.8761801802,5.7849233892,2766.8605858309
289.5018698699,5.7877615988,2767.4181446159
289.1275595596,5.7905958483,2767.9703302245
288.7532492493,5.7934261865,2768.5171737058
288.3789389389,5.7962526616,2769.0587057895
288.0046286286,5.7990753215,2769.5949568901
287.6303183183,5.8018942135,2770.1259571124
287.256008008,5.8047093847,2770.6517362558
286.8816976977,5.8075208817,2771.1723238194
286.5073873874,5.8103287506,2771.6877490067
286.1330770771,5.8131330372,2772.1980407297
285.7587667668,5.8159337871,2772.7032276137
285.3844564565,5.818731045,2773.2033380016
285.0101461461,5.8215248558,2773.698399958
284.6358358358,5.8243152637,2774.1884412735
284.2615255255,5.8271023126,2774.673489469
283.8872152152,5.829886046,2775.1535717994
283.5129049049,5.8326665072,2775.6287152574
283.1385945946,5.835443739,2776.098946578
282.7642842843,5.8382177839,2776.5642922417
282.389973974,5.8409886841,2777.0247784784
282.0156636637,5.8437564814,2777.4804312711
281.6413533534,5.8465212175,2777.9312763593
281.267043043,5.8492829333,2778.3773392428
280.8927327327,5.85204167,2778.8186451849
280.5184224224,5.854797468,2779.2552192155
280.1441121121,5.8575503676,2779.6870861352
279.7698018018,5.8603004088,2780.1142705178
279.3954914915,5.8630476313,2780.5367967136
279.0211811812,5.8657920744,2780.9546888529
278.6468708709,5.8685337774,2781.3679708488
278.2725605606,5.8712727789,2781.7766663999
277.8982502503,5.8740091177,2782.180798994
277.5239399399,5.8767428318,2782.5803919102
277.1496296296,5.8794739594,2782.9754682222
276.7753193193,5.8822025383,2783.3660508011
276.401009009,5.8849286058,2783.7521623178
276.0266986987,5.8876521992,2784.1338252461
275.6523883884,5.8903733555,2784.5110618649
275.2780780781,5.8930921115,2784.8838942612
274.9037677678,5.8958085035,2785.2523443324
274.5294574575,5.898522568,2785.6164337889
274.1551471471,5.9012343408,2785.9761841563
273.7808368368,5.9039438578,2786.3316167782
273.4065265265,5.9066511544,2786.6827528185
273.0322162162,5.9093562661,2787.0296132632
272.6579059059,5.912059228,2787.3722189233
272.2835955956,5.9147600748,2787.710590437
271.9092852853,5.9174588413,2788.0447482713
271.534974975,5.920155562,2788.3747127249
271.1606646647,5.922850271,2788.7005039299
270.7863543544,5.9255430024,2789.0221418539
270.412044044,5.92823379,2789.3396463022
270.0377337337,5.9309226675,2789.6530369198
269.6634234234,5.9336096684,2789.9623331933
269.2891131131,5.9362948257,2790.2675544528
268.9148028028,5.9389781726,2790.568719874
268.5404924925,5.941659742,2790.8658484799
268.1661821822,5.9443395665,2791.1589591428
267.7918718719,5.9470176787,2791.4480705859
267.4175615616,5.9496941107,2791.7332013854
267.0432512513,5.9523688948,2792.0143699721
266.6689409409,5.9550420629,2792.2915946328
266.2946306306,5.9577136468,2792.5648935127
265.9203203203,5.9603836781,2792.8342846164
265.54601001,5.9630521882,2793.0997858101
265.1716996997,5.9657192085,2793.3614148226
264.7973893894,5.96838477,2793.6191892475
264.4230790791,5.9710489036,2793.8731265444
264.0487687688,5.9737116403,2794.1232440406
263.6744584585,5.9763730106,2794.3695589325
263.3001481481,5.9790330451,2794.6120882871
262.9258378378,5.9816917739,2794.8508490435
262.5515275275,5.9843492274,2795.0858580145
262.1772172172,5.9870054356,2795.3171318878
261.8029069069,5.9896604284,2795.5446872273
261.4285965966,5.9923142354,2795.7685404749
261.0542862863,5.9949668864,2795.9887079513
260.679975976,5.9976184107,2796.2052058579
260.3056656657,6.0002688378,2796.4180502777
259.9313553554,6.0029181968,2796.6272571768
259.557045045,6.0055665168,2796.8328424054
259.1827347347,6.0082138266,2797.0348216994
258.8084244244,6.0108601552,2797.2332106816
258.4341141141,6.0135055311,2797.4280248625
258.0598038038,6.016149983,2797.6192796421
257.6854934935,6.0187935392,2797.8069903105
257.3111831832,6.0214362281,2797.9911720493
256.9368728729,6.0240780777,2798.1718399332
256.5625625626,6.0267191163,2798.3490089301
256.1882522523,6.0293593717,2798.5226939031
255.8139419419,6.0319988717,2798.6929096114
255.4396316316,6.0346376441,2798.859670711
255.0653213213,6.0372757164,2799.0229917562
254.691011011,6.0399131162,2799.1828872003
254.3167007007,6.0425498709,2799.339371397
253.9423903904,6.0451860076,2799.4924586011
253.5680800801,6.0478215536,2799.6421629695
253.1937697698,6.0504565359,2799.7884985624
252.8194594595,6.0530909816,2799.9314793442
252.4451491492,6.0557249173,2800.0711191844
252.0708388388,6.05835837,2800.2074318585
251.6965285285,6.0609913662,2800.340431049
251.3222182182,6.0636239325,2800.4701303463
250.9479079079,6.0662560953,2800.5965432497
250.5735975976,6.0688878811,2800.7196831681
250.1992872873,6.0715193161,2800.839563421
249.824976977,6.0741504265,2800.9561972395
249.4506666667,6.0767812384,2801.0695977667
249.0763563564,6.0794117777,2801.1797780591
248.702046046,6.0820420705,2801.2867510872
248.3277357357,6.0846721424,2801.3905297361
247.9534254254,6.0873020193,2801.4911268066
247.5791151151,6.0899317268,2801.588555016
247.2048048048,6.0925612905,2801.6828269987
246.8304944945,6.0951907359,2801.7739553071
246.4561841842,6.0978200883,2801.8619524124
246.0818738739,6.1004493731,2801.9468307053
245.7075635636,6.1030786156,2802.0286024966
245.3332532533,6.1057078409,2802.1072800182
244.9589429429,6.1083370741,2802.1828754238
244.5846326326,6.1109663402,2802.2554007894
244.2103223223,6.1135956643,2802.3248681143
243.836012012,6.1162250711,2802.3912893214
243.4617017017,6.1188545854,2802.4546762585
243.0873913914,6.121484232,2802.5150406984
242.7130810811,6.1241140356,2802.5723943397
242.3387707708,6.1267440207,2802.6267488078
241.9644604605,6.1293742119,2802.6781156553
241.5901501502,6.1320046336,2802.7265063625
241.2158398398,6.1346353101,2802.7719323384
240.8415295295,6.137266266,2802.8144049212
240.4672192192,6.1398975253,2802.8539353786
240.0929089089,6.1425291123,2802.8905349091
239.7185985986,6.1451610511,2802.9242146419
239.3442882883,6.1477933659,2802.954985638
238.969977978,6.1504260806,2802.9828588906
238.5956676677,6.1530592191,2803.0078453257
238.2213573574,6.1556928055,2803.0299558026
237.847047047,6.1583268634,2803.0492011147
237.4727367367,6.1609614168,2803.06559199
237.0984264264,6.1635964893,2803.0791390915
236.7241161161,6.1662321047,2803.0898530179
236.3498058058,6.1688682865,2803.0977443042
235.9754954955,6.1715050583,2803.1028234221
235.6011851852,6.1741424436,2803.1051007806
235.2268748749,6.176780466,2803.1045867266
234.8525645646,6.1794191487,2803.1012915453
234.4782542543,6.1820585153,2803.095225461
234.1039439439,6.184698589,2803.0863986372
233.7296336336,6.187339393,2803.0748211774
233.3553233233,6.1899809507,2803.0605031255
232.981013013,6.1926232852,2803.0434544664
232.6067027027,6.1952664196,2803.0236851265
232.2323923924,6.197910377,2803.0012049739
231.8580820821,6.2005551805,2802.9760238192
231.4837717718,6.203200853,2802.9481514161
231.1094614615,6.2058474176,2802.9175974613
230.7351511512,6.2084948972,2802.8843715956
230.3608408408,6.2111433146,2802.8484834041
229.9865305305,6.2137926927,2802.8099424164
229.6122202202,6.2164430543,2802.7687581076
229.2379099099,6.2190944222,2802.7249398983
228.8635995996,6.2217468191,2802.6784971553
228.4892892893,6.2244002676,2802.629439192
228.114978979,6.2270547905,2802.5777752687
227.7406686687,6.2297104104,2802.5235145931
227.3663583584,6.2323671498,2802.466666321
226.992048048,6.2350250313,2802.4072395561
226.6177377377,6.2376840775,2802.3452433513
226.2434274274,6.2403443108,2802.2806867082
225.8691171171,6.2430057536,2802.2135785782
225.4948068068,6.2456684285,2802.1439278627
225.1204964965,6.2483323578,2802.0717434131
224.7461861862,6.2509975638,2801.9970340321
224.3718758759,6.253664069,2801.9198084731
223.9975655656,6.2563318957,2801.8400754414
223.6232552553,6.259001066,2801.7578435941
223.2489449449,6.2616716023,2801.6731215407
222.8746346346,6.2643435268,2801.5859178433
222.5003243243,6.2670168618,2801.4962410175
222.126014014,6.2696916294,2801.404099532
221.7517037037,6.2723678517,2801.3095018095
221.3773933934,6.275045551,2801.212456227
221.0030830831,6.2777247492,2801.1129711162
220.6287727728,6.2804054686,2801.0110547635
220.2544624625,6.2830877312,2800.9067154111
219.8801521522,6.285771559,2800.7999612564
219.5058418418,6.2884569741,2800.6908004533
219.1315315315,6.2911439985,2800.5792411119
218.7572212212,6.2938326542,2800.4652912992
218.3829109109,6.2965229632,2800.3489590391
218.0086006006,6.2992149474,2800.2302523134
217.6342902903,6.3019086287,2800.1091790612
217.25997998,6.3046040292,2799.9857471803
216.8856696697,6.3073011707,2799.8599645266
216.5113593594,6.310000075,2799.731838915
216.1370490491,6.3127007642,2799.6013781195
215.7627387387,6.3154032601,2799.4685898737
215.3884284284,6.3181075845,2799.3334818711
215.0141181181,6.3208137593,2799.1960617651
214.6398078078,6.3235218063,2799.0563371697
214.2654974975,6.3262317473,2798.9143156599
213.8911871872,6.3289436042,2798.7700047717
213.5168768769,6.3316573988,2798.6234120023
213.1425665666,6.3343731528,2798.474544811
212.7682562563,6.3370908881,2798.3234106191
212.3939459459,6.3398106264,2798.1700168102
212.0196356356,6.3425323895,2798.0143707305
211.6453253253,6.3452561992,2797.8564796894
211.271015015,6.3479820772,2797.6963509596
210.8967047047,6.3507100454,2797.5339917771
210.5223943944,6.3534401253,2797.3694093422
210.1480840841,6.3561723389,2797.2026108192
209.7737737738,6.3589067078,2797.0336033369
209.3994634635,6.3616432538,2796.8623939889
209.0251531532,6.3643819986,2796.6889898339
208.6508428428,6.3671229639,2796.5133978959
208.2765325325,6.3698661716,2796.3356251648
207.9022222222,6.3726116433,2796.1556785961
207.5279119119,6.3753594008,2795.9735651118
207.1536016016,6.3781094657,2795.7892916003
206.7792912913,6.38086186,2795.6028649169
206.404980981,6.3836166052,2795.4142918837
206.0306706707,6.3863737231,2795.2235792906
205.6563603604,6.3891332356,2795.0307338948
205.2820500501,6.3918951642,2794.8357624215
204.9077397397,6.3946595309,2794.638671564
204.5334294294,6.3974263573,2794.4394679841
204.1591191191,6.4001956652,2794.2381583125
203.7848088088,6.4029674765,2794.0347491486
203.4104984985,6.4057418127,2793.8292470612
203.0361881882,6.4085186959,2793.6216585886
202.6618778779,6.4112981477,2793.4119902388
202.2875675676,6.4140801899,2793.20024849
201.9132572573,6.4168648444,2792.9864397906
201.5389469469,6.419652133,2792.7705705595
201.1646366366,6.4224420776,2792.5526471865
200.7903263263,6.4252346998,2792.3326760325
200.416016016,6.4280300217,2792.1106634296
200.0417057057,6.4308280651,2791.8866156816
199.6673953954,6.4336288519,2791.6605390641
199.2930850851,6.4364324039,2791.4324398248
198.9187747748,6.4392387431,2791.2023241836
198.5444644645,6.4420478913,2790.9701983331
198.1701541542,6.4448598706,2790.7360684386
197.7958438438,6.4476747028,2790.4999406387
197.4215335335,6.45049241,2790.261821045
197.0472232232,6.4533130141,2790.021715743
196.6729129129,6.4561365371,2789.7796307915
196.2986026026,6.4589630011,2789.5355722239
195.9242922923,6.4617924281,2789.2895460473
195.549981982,6.4646248401,2789.0415582439
195.1756716717,6.4674602592,2788.79161477
194.8013613614,6.4702987075,2788.5397215574
194.4270510511,6.4731402072,2788.2858845128
194.0527407407,6.4759847803,2788.0301095185
193.6784304304,6.478832449,2787.7724024322
193.3041201201,6.4816832356,2787.5127690879
192.9298098098,6.4845371622,2787.2512152954
192.5554994995,6.4873942511,2786.987746841
192.1811891892,6.4902545245,2786.7223694875
191.8068788789,6.4931180046,2786.4550889745
191.4325685686,6.4959847139,2786.1859110187
191.0582582583,6.4988546746,2785.9148413139
190.6839479479,6.5017279091,2785.6418855315
190.3096376376,6.5046044397,2785.3670493206
189.9353273273,6.507484289,2785.090338308
189.561017017,6.5103674792,2784.8117580988
189.1867067067,6.513254033,2784.5313142765
188.8123963964,6.5161439728,2784.2490124029
188.4380860861,6.5190373212,2783.9648580187
188.0637757758,6.5219341006,2783.6788566437
187.6894654655,6.5248343338,2783.3910137767
187.3151551552,6.5277380432,2783.101334896
186.9408448448,6.5306452517,2782.8098254595
186.5665345345,6.5335559818,2782.5164909048
186.1922242242,6.5364702564,2782.2213366497
185.8179139139,6.539388098,2781.9243680922
185.4436036036,6.5423095297,2781.6255906106
185.0692932933,6.5452345742,2781.325009564
184.694982983,6.5481632543,2781.0226302923
184.3206726727,6.5510955929,2780.7184581165
183.9463623624,6.5540316131,2780.4124983386
183.5720520521,6.5569713378,2780.1047562424
183.1977417417,6.55991479,2779.7952370931
182.8234314314,6.5628619927,2779.4839461379
182.4491211211,6.5658129691,2779.170888606
182.0748108108,6.5687677424,2778.8560697087
181.7005005005,6.5717263356,2778.53949464
181.3261901902,6.574688772,2778.2211685763
180.9518798799,6.5776550749,2777.9010966769
180.5775695696,6.5806252675,2777.5792840842
180.2032592593,6.5835993733,2777.2557359237
179.8289489489,6.5865774156,2776.9304573044
179.4546386386,6.5895594179,2776.6034533188
179.0803283283,6.5925454036,2776.2747290431
178.706018018,6.5955353963,2775.9442895376
178.3317077077,6.5985294195,2775.6121398469
177.9573973974,6.6015274969,2775.2782849995
177.5830870871,6.6045296522,2774.9427300088
177.2087767768,6.607535909,2774.6054798728
176.8344664665,6.6105462912,2774.2665395742
176.4601561562,6.6135608226,2773.9259140811
176.0858458458,6.616579527,2773.5836083466
175.7115355355,6.6196024283,2773.2396273093
175.3372252252,6.6226295506,2772.8939758934
174.9629149149,6.6256609178,2772.5466590089
174.5886046046,6.628696554,2772.1976815517
174.2142942943,6.6317364834,2771.847048404
173.839983984,6.6347807302,2771.4947644341
173.4656736737,6.6378293185,2771.1408344969
173.0913633634,6.6408822727,2770.7852634339
172.7170530531,6.6439396172,2770.4280560736
172.3427427427,6.6470013762,2770.0692172312
171.9684324324,6.6500675744,2769.7087517094
171.5941221221,6.6531382362,2769.3466642979
171.2198118118,6.6562133862,2768.9829597743
170.8455015015,6.659293049,2768.6176429035
170.4711911912,6.6623772494,2768.2507184384
170.0968808809,6.6654660121,2767.8821911201
169.7225705706,6.6685593619,2767.5120656774
169.3482602603,6.6716573237,2767.140346828
168.97394995,6.6747599225,2766.7670392777
168.5996396396,6.6778671832,2766.392147721
168.2253293293,6.680979131,2766.0156768414
167.851019019,6.6840957909,2765.6376313112
167.4767087087,6.6872171882,2765.258015792
167.1023983984,6.6903433481,2764.8768349346
166.7280880881,6.693474296,2764.4940933792
166.3537777778,6.6966100573,2764.1097957557
165.9794674675,6.6997506574,2763.7239466837
165.6051571572,6.7028961218,2763.3365507729
165.2308468468,6.7060464762,2762.9476126228
164.8565365365,6.7092017463,2762.5571368233
164.4822262262,6.7123619577,2762.1651279546
164.1079159159,6.7155271363,2761.7715905875
163.7336056056,6.718697308,2761.3765292834
163.3592952953,6.7218724987,2760.9799485946
162.984984985,6.7250527346,2760.5818530642
162.6106746747,6.7282380415,2760.1822472266
162.2363643644,6.7314284458,2759.7811356075
161.8620540541,6.7346239737,2759.3785227237
161.4877437437,6.7378246516,2758.974413084
161.1134334334,6.7410305057,2758.5688111885
160.7391231231,6.7442415627,2758.1617215294
160.3648128128,6.747457849,2757.7531485907
159.9905025025,6.7506793913,2757.3430968486
159.6161921922,6.7539062163,2756.9315707715
159.2418818819,6.7571383508,2756.5185748203
158.8675715716,6.7603758217,2756.1041134484
158.4932612613,6.763618656,2755.6881911017
158.118950951,6.7668668805,2755.2708122192
157.7446406406,6.7701205226,2754.8519812325
157.3703303303,6.7733796093,2754.4317025667
156.99602002,6.776644168,2754.0099806396
156.6217097097,6.779914226,2753.5868198627
156.2473993994,6.7831898108,2753.1622246408
155.8730890891,6.7864709499,2752.7361993723
155.4987787788,6.789757671,2752.3087484495
155.1244684685,6.7930500017,2751.8798762583
154.7501581582,6.7963479698,2751.4495871787
154.3758478478,6.7996516033,2751.0178855849
154.0015375375,6.8029609301,2750.5847758451
153.6272272272,6.8062759782,2750.1502623219
153.2529169169,6.8095967759,2749.7143493726
152.8786066066,6.8129233513,2749.2770413489
152.5042962963,6.8162557329,2748.8383425971
152.129985986,6.819593949,2748.3982574587
151.7556756757,6.8229380281,2747.9567902698
151.3813653654,6.8262879989,2747.5139453618
151.0070550551,6.8296438902,2747.0697270611
150.6327447447,6.8330057306,2746.6241396896
150.2584344344,6.8363735491,2746.1771875645
149.8841241241,6.8397473747,2745.7288749985
149.5098138138,6.8431272365,2745.2792063
149.1355035035,6.8465131636,2744.8281857733
148.7611931932,6.8499051855,2744.3758177183
148.3868828829,6.8533033314,2743.9221064311
148.0125725726,6.8567076309,2743.4670562038
147.6382622623,6.8601181135,2743.0106713246
147.263951952,6.863534809,2742.5529560782
146.8896416416,6.8669577472,2742.0939147456
146.5153313313,6.8703869578,2741.6335516043
146.141021021,6.8738224711,2741.1718709284
145.7667107107,6.877264317,2740.7088769889
145.3924004004,6.8807125257,2740.2445740534
145.0180900901,6.8841671277,2739.7789663866
144.6437797798,6.8876281533,2739.3120582501
144.2694694695,6.891095633,2738.8438539026
143.8951591592,6.8945695976,2738.3743576002
143.5208488488,6.8980500776,2737.9035735962
143.1465385385,6.9015371041,2737.4315061412
142.7722282282,6.905030708,2736.9581594837
142.3979179179,6.9085309203,2736.4835378693
142.0236076076,6.9120377723,2736.0076455416
141.6492972973,6.9155512952,2735.5304867421
141.274986987,6.9190715205,2735.0520657098
140.9006766767,6.9225984797,2734.5723866819
140.5263663664,6.9261322045,2734.0914538938
140.1520560561,6.9296727266,2733.6092715788
139.7777457457,6.9332200779,2733.1258439685
139.4034354354,6.9367742905,2732.6411752929
139.0291251251,6.9403353963,2732.1552697804
138.6548148148,6.9439034277,2731.6681316577
138.2805045045,6.9474784169,2731.1797651504
137.9061941942,6.9510603966,2730.6901744824
137.5318838839,6.9546493992,2730.1993638766
137.1575735736,6.9582454575,2729.7073375545
136.7832632633,6.9618486044,2729.2140997368
136.408952953,6.9654588727,2728.7196546429
136.0346426426,6.9690762956,2728.2240064912
135.6603323323,6.9727009062,2727.7271594996
135.286022022,6.976332738,2727.2291178847
134.9117117117,6.9799718244,2726.7298858628
134.5374014014,6.9836181989,2726.2294676493
134.1630910911,6.9872718953,2725.7278674591
133.7887807808,6.9909329474,2725.2250895065
133.4144704705,6.9946013892,2724.7211380055
133.0401601602,6.9982772548,2724.2160171695
132.6658498499,7.0019605784,2723.7097312118
132.2915395395,7.0056513945,2723.2022843455
131.9172292292,7.0093497374,2722.6936807832
131.5429189189,7.0130556419,2722.1839247377
131.1686086086,7.0167691426,2721.6730204217
130.7942982983,7.0204902746,2721.1609720476
130.419987988,7.0242190728,2720.6477838283
130.0456776777,7.0279555724,2720.1334599765
129.6713673674,7.0316998087,2719.6180047054
129.2970570571,7.0354518172,2719.1014222281
128.9227467467,7.0392116335,2718.5837167582
128.5484364364,7.0429792932,2718.0648925097
128.1741261261,7.0467548322,2717.5449536968
127.7998158158,7.0505382866,2717.0239045344
127.4255055055,7.0543296926,2716.5017492377
127.0511951952,7.0581290863,2715.9784920226
126.6768848849,7.0619365042,2715.4541371056
126.3025745746,7.065751983,2714.9286887039
125.9282642643,7.0695755593,2714.4021510352
125.553953954,7.07340727,2713.8745283183
125.1796436436,7.0772471521,2713.3458247724
124.8053333333,7.0810952428,2712.8160446179
124.431023023,7.0849515795,2712.285192076
124.0567127127,7.0888161995,2711.7532713686
123.6824024024,7.0926891405,2711.2202867188
123.3080920921,7.0965704403,2710.6862423507
122.9337817818,7.1004601367,2710.1511424893
122.5594714715,7.1043582679,2709.6149913609
122.1851611612,7.1082648721,2709.0777931928
121.8108508509,7.1121799876,2708.5395522134
121.4365405405,7.116103653,2708.0002726524
121.0622302302,7.120035907,2707.4599587406
120.6879199199,7.1239767884,2706.9186147102
120.3136096096,7.1279263362,2706.3762447945
119.9392992993,7.1318845896,2705.8328532284
119.564988989,7.1358515879,2705.2884442478
119.1906786787,7.1398273706,2704.7430220902
118.8163683684,7.1438119773,2704.1965909944
118.4420580581,7.1478054479,2703.6491552006
118.0677477477,7.1518078222,2703.1007189505
117.6934374374,7.1558191405,2702.5512864872
117.3191271271,7.1598394431,2702.0008620554
116.9448168168,7.1638687703,2701.4494499011
116.5705065065,7.1679071629,2700.8970542719
116.1961961962,7.1719546616,2700.3436794171
115.8218858859,7.1760113073,2699.7893295872
115.4475755756,7.1800771413,2699.2340090347
115.0732652653,7.1841522048,2698.6777220133
114.698954955,7.1882365393,2698.1204727784
114.3246446446,7.1923301864,2697.5622655871
113.9503343343,7.196433188,2697.003104698
113.576024024,7.200545586,2696.4429943714
113.2017137137,7.2046674226,2695.8819388692
112.8274034034,7.2087987402,2695.3199424547
112.4530930931,7.2129395812,2694.7570093932
112.0787827828,7.2170899883,2694.1931439514
111.7044724725,7.2212500045,2693.6283503976
111.3301621622,7.2254196727,2693.0626330019
110.9558518519,7.2295990362,2692.495996036
110.5815415415,7.2337881384,2691.928443773
110.2072312312,7.2379870229,2691.359980488
109.8329209209,7.2421957334,2690.7906104574
109.4586106106,7.2464143139,2690.2203379592
109.0843003003,7.2506428086,2689.6491672733
108.70998999,7.2548812617,2689.077102681
108.3356796797,7.2591297178,2688.504148465
107.9613693694,7.2633882216,2687.93030891
107.5870590591,7.2676568179,2687.3555883018
107.2127487487,7.2719355518,2686.779990928
106.8384384384,7.2762244685,2686.2035210776
106.4641281281,7.2805236136,2685.6261830413
106.0898178178,7.2848330327,2685.047981111
105.7155075075,7.2891527715,2684.4689195801
105.3411971972,7.2934828761,2683.8890027437
104.9668868869,7.2978233928,2683.308234898
104.5925765766,7.3021743679,2682.7266203407
104.2182662663,7.3065358481,2682.1441633708
103.843955956,7.3109078802,2681.5608682888
103.4696456456,7.315290511,2680.9767393962
103.0953353353,7.319683788,2680.3917809959
102.721025025,7.3240877584,2679.8059973922
102.3467147147,7.3285024699,2679.2193928903
101.9724044044,7.3329279703,2678.6319717966
101.5980940941,7.3373643075,2678.0437384187
101.2237837838,7.3418115298,2677.4546970652
100.8494734735,7.3462696856,2676.8648520458
100.4751631632,7.3507388235,2676.2742076711
100.1008528529,7.3552189923,2675.6827682526
99.7265425425,7.359710241,2675.0905381027
99.3522322322,7.364212619,2674.4975215347
98.9779219219,7.3687261756,2673.9037228625
98.6036116116,7.3732509604,2673.3091464009
98.2293013013,7.3777870235,2672.7137964654
97.854990991,7.3823344147,2672.1176773719
97.4806806807,7.3868931845,2671.5207934369
97.1063703704,7.3914633833,2670.9231489774
96.7320600601,7.3960450618,2670.324748311
96.3577497497,7.4006382709,2669.7255957554
95.9834394394,7.4052430619,2669.1256956286
95.6091291291,7.4098594861,2668.525052249
95.2348188188,7.414487595,2667.9236699349
94.8605085085,7.4191274404,2667.3215530048
94.4861981982,7.4237790745,2666.7187057773
94.1118878879,7.4284425493,2666.1151325706
93.7375775776,7.4331179174,2665.5108377031
93.3632672673,7.4378052315,2664.9058254925
92.988956957,7.4425045445,2664.3001002565
92.6146466466,7.4472159094,2663.6936663123
92.2403363363,7.4519393797,2663.0865279764
91.866026026,7.456675009,2662.478689565
91.4917157157,7.461422851,2661.8701553933
91.1174054054,7.4661829598,2661.2609297758
90.7430950951,7.4709553897,2660.651017026
90.3687847848,7.4757401951,2660.0404214566
89.9944744745,7.4805374309,2659.4291473789
89.6201641642,7.4853471519,2658.8171991033
89.2458538539,7.4901694133,2658.2045809385
88.8715435435,7.4950042706,2657.5912971919
88.4972332332,7.4998517795,2656.9773521694
88.1229229229,7.5047119958,2656.3627501752
87.7486126126,7.5095849756,2655.7474955116
87.3743023023,7.5144707754,2655.1315924789
86.999991992,7.5193694518,2654.5150453755
86.6256816817,7.5242810616,2653.8978584976
86.2513713714,7.5292056618,2653.2800361389
85.8770610611,7.5341433099,2652.6615825907
85.5027507508,7.5390940634,2652.0425021418
85.1284404404,7.5440579801,2651.422799078
84.7541301301,7.5490351181,2650.8024776826
84.3798198198,7.5540255356,2650.1815422354
84.0055095095,7.5590292913,2649.5599970133
83.6311991992,7.5640464439,2648.9378462897
83.2568888889,7.5690770524,2648.3150943345
82.8825785786,7.5741211762,2647.6917454139
82.5082682683,7.5791788748,2647.0678037904
82.133957958,7.584250208,2646.4432737222
81.7596476476,7.5893352358,2645.8181594635
81.3853373373,7.5944340185,2645.1924652641
81.011027027,7.5995466167,2644.5661953691
80.6367167167,7.6046730911,2643.939354019
80.2624064064,7.6098135028,2643.3119454493
79.8880960961,7.6149679131,2642.6839738904
79.5137857858,7.6201363836,2642.0554435673
79.1394754755,7.6253189761,2641.4263586995
78.7651651652,7.6305157527,2640.7967235007
78.3908548549,7.6357267757,2640.1665421788
78.0165445445,7.6409521076,2639.5358189353
77.6422342342,7.6461918114,2638.9045579655
77.2679239239,7.6514459502,2638.2727634579
76.8936136136,7.6567145873,2637.6404395943
76.5193033033,7.6619977864,2637.0075905495
76.144992993,7.6672956113,2636.3742204906
75.7706826827,7.6726081263,2635.7403335774
75.3963723724,7.6779353957,2635.1059339619
75.0220620621,7.6832774843,2634.471025788
74.6477517518,7.688634457,2633.8356131911
74.2734414414,7.6940063791,2633.1997002981
73.8991311311,7.6993933159,2632.5632912271
73.5248208208,7.7047953334,2631.926390087
73.1505105105,7.7102124975,2631.2890009771
72.7762002002,7.7156448745,2630.6511279873
72.4018898899,7.721092531,2630.0127751971
72.0275795796,7.7265555338,2629.3739466759
71.6532692693,7.73203395,2628.7346464825
71.278958959,7.737527847,2628.0948786647
70.9046486486,7.7430372925,2627.4546472589
70.5303383383,7.7485623544,2626.8139562901
70.156028028,7.7541031009,2626.1728097713
69.7817177177,7.7596596004,2625.5312117033
69.4074074074,7.7652319218,2624.8891660742
69.0330970971,7.770820134,2624.2466768591
68.6587867868,7.7764243063,2623.6037480199
68.2844764765,7.7820445083,2622.9603835047
67.9101661662,7.7876808099,2622.3165872477
67.5358558559,7.7933332812,2621.6723631684
67.1615455455,7.7990019925,2621.0277151716
66.7872352352,7.8046870146,2620.3826471468
66.4129249249,7.8103884185,2619.7371629679
66.0386146146,7.8161062754,2619.0912664928
65.6643043043,7.8218406567,2618.4449615627
65.289993994,7.8275916343,2617.7982520021
64.9156836837,7.8333592803,2617.1511416179
64.5413733734,7.8391436671,2616.5036341993
64.1670630631,7.8449448672,2615.8557335172
63.7927527528,7.8507629535,2615.2074433239
63.4184424424,7.8565979994,2614.5587673522
63.0441321321,7.8624500782,2613.9097093153
62.6698218218,7.8683192637,2613.2602729063
62.2955115115,7.87420563,2612.6104617974
61.9212012012,7.8801092514,2611.9602796397
61.5468908909,7.8860302024,2611.3097300624
61.1725805806,7.891968558,2610.6588166723
60.7982702703,7.8979243933,2610.0075430537
60.42395996,7.9038977838,2609.3559127671
60.0496496496,7.9098888052,2608.7039293491
59.6753393393,7.9158975335,2608.0515963118
59.301029029,7.9219240449,2607.3989171421
58.9267187187,7.9279684161,2606.7458953008
58.5524084084,7.9340307239,2606.0925342228
58.1780980981,7.9401110454,2605.4388373154
57.8037877878,7.9462094581,2604.7848079586
57.4294774775,7.9523260395,2604.1304495038
57.0551671672,7.9584608678,2603.4757652734
56.6808568569,7.964614021,2602.8207585602
56.3065465465,7.9707855778,2602.1654326264
55.9322362362,7.9769756169,2601.5097907031
55.5579259259,7.9831842174,2600.8538359894
55.1836156156,7.9894114587,2600.1975716519
54.8093053053,7.9956574204,2599.5410008238
54.434994995,8.0019221823,2598.8841266041
54.0606846847,8.0082058247,2598.2269520567
53.6863743744,8.014508428,2597.56948021
53.3120640641,8.0208300729,2596.9117140554
52.9377537538,8.0271708404,2596.2536565471
52.5634434434,8.0335308118,2595.595310601
52.1891331331,8.0399100685,2594.9366790937
51.8148228228,8.0463086925,2594.2777648617
51.4405125125,8.0527267657,2593.6185707004
51.0662022022,8.0591643705,2592.9590993635
50.6918918919,8.0656215895,2592.2993535617
50.3175815816,8.0720985055,2591.6393359616
49.9432712713,8.0785952017,2590.9790491852
49.568960961,8.0851117614,2590.3184958084
49.1946506507,8.0916482683,2589.6576783604
48.8203403403,8.0982048062,2588.9965993222
48.44603003,8.1047814594,2588.3352611258
48.0717197197,8.1113783121,2587.6736661531
47.6974094094,8.1179954491,2587.0118167347
47.3230990991,8.1246329553,2586.3497151486
46.9487887888,8.1312909158,2585.6873636194
46.5744784785,8.1379694159,2585.0247643166
46.2001681682,8.1446685414,2584.3619193541
45.8258578579,8.1513883781,2583.698830788
45.4515475475,8.1581290121,2583.0355006163
45.0772372372,8.1648905297,2582.3719307768
44.7029269269,8.1716730176,2581.7081231464
44.3286166166,8.1784765626,2581.0440795391
43.9543063063,8.1853012516,2580.3798017054
43.579995996,8.1921471719,2579.71529133
43.2056856857,8.199014411,2579.0505500313
42.8313753754,8.2059030567,2578.3855793591
42.4570650651,8.2128131968,2577.7203807935
42.0827547548,8.2197449193,2577.0549557433
41.7084444444,8.2266983128,2576.3893055446
41.3341341341,8.2336734656,2575.7234314588
40.9598238238,8.2406704666,2575.0573346713
40.5855135135,8.2476894046,2574.3910162898
40.2112032032,8.2547303687,2573.7244773423
39.8368928929,8.2617934483,2573.0577187758
39.4625825826,8.2688787328,2572.3907414542
39.0882722723,8.2759863119,2571.7235461565
38.713961962,8.2831162754,2571.0561335752
38.3396516517,8.2902687134,2570.3885043141
37.9653413413,8.2974437159,2569.7206588865
37.591031031,8.3046413734,2569.0525977132
37.2167207207,8.3118617762,2568.3843211206
36.8424104104,8.319105015,2567.7158293384
36.4681001001,8.3263711807,2567.0471224976
36.0937897898,8.3336603639,2566.3782006286
35.7194794795,8.3409726559,2565.7090636584
35.3451691692,8.3483081477,2565.039711409
34.9708588589,8.3556669306,2564.3701435948
34.5965485485,8.363049096,2563.7003598202
34.2222382382,8.3704547354,2563.0303595772
33.8479279279,8.3778839402,2562.3601422432
33.4736176176,8.3853368023,2561.6897070782
33.0993073073,8.3928134133,2561.0190532226
32.724996997,8.400313865,2560.348179694
32.3506866867,8.4078382493,2559.6770853853
31.9763763764,8.4153866582,2559.0057690611
31.6020660661,8.4229591836,2558.3342293559
31.2277557558,8.4305559176,2557.6624647703
30.8534454454,8.4381769522,2556.9904736687
30.4791351351,8.4458223794,2556.3182542763
30.1048248248,8.4534922914,2555.6458046755
29.7305145145,8.4611867802,2554.9731228036
29.3562042042,8.4689059379,2554.300206449
28.9818938939,8.4766498566,2553.6270532483
28.6075835836,8.4844186282,2552.9536606827
28.2332732733,8.4922123448,2552.2800260749
27.858962963,8.5000310983,2551.6061465854
27.4846526527,8.5078749804,2550.9320192091
27.1103423423,8.5157440831,2550.2576407717
26.736032032,8.523638498,2549.5830079257
26.3617217217,8.5315583167,2548.9081171469
25.9874114114,8.5395036306,2548.2329647307
25.6131011011,8.5474745311,2547.5575467876
25.2387907908,8.5554711095,2546.8818592394
24.8644804805,8.5634934566,2546.2058978154
24.4901701702,8.5715416635,2545.5296580476
24.1158598599,8.5796158207,2544.8531352666
23.7415495495,8.5877160188,2544.1763245974
23.3672392392,8.5958423479,2543.4992209545
22.9929289289,8.6039948982,2542.8218190375
22.6186186186,8.6121737593,2542.1441133261
22.2443083083,8.6203790208,2541.4660980756
21.869997998,8.6286107719,2540.7877673117
21.4956876877,8.6368691014,2540.1091148255
21.1213773774,8.6451540979,2539.4301341682
20.7470670671,8.6534658495,2538.7508186459
20.3727567568,8.6618044443,2538.0711613143
19.9984464464,8.6701699696,2537.3911549726
19.6241361361,8.6785625124,2536.7107921585
19.2498258258,8.6869821594,2536.0300651419
18.8755155155,8.6954289967,2535.3489659189
18.5012052052,8.70390311,2534.6674862062
18.1268948949,8.7124045845,2533.9856174342
17.7525845846,8.7209335048,2533.303350741
17.3782742743,8.7294899551,2532.620676966
17.003963964,8.7380740188,2531.9375866425
16.6296536537,8.7466857789,2531.2540699916
16.2553433433,8.7553253176,2530.5701169149
15.881033033,8.7639927166,2529.885716987
15.5067227227,8.7726880568,2529.2008594487
15.1324124124,8.7814114184,2528.5155331989
14.7581021021,8.7901628809,2527.8297267873
14.3837917918,8.798942523,2527.1434284063
14.0094814815,8.8077504225,2526.4566258827
13.6351711712,8.8165866564,2525.7693066698
13.2608608609,8.8254513009,2525.0814578387
12.8865505506,8.8343444311,2524.3930660695
12.5122402402,8.8432661214,2523.7041176424
12.1379299299,8.852216445,2523.0145984288
11.7636196196,8.8611954742,2522.3244938817
11.3893093093,8.8702032801,2521.6337890259
11.014998999,8.8792399327,2520.9424684487
10.6406886887,8.8883055011,2520.2505162894
10.2663783784,8.8974000528,2519.5579162291
9.8920680681,8.9065236544,2518.86465148
9.5177577578,8.915676371,2518.1707047748
9.1434474474,8.9248582665,2517.4760583552
8.7691371371,8.9340694034,2516.7806939609
8.3948268268,8.9433098427,2516.0845928175
8.0205165165,8.952579644,2515.3877356248
7.6462062062,8.9618788653,2514.6901025445
7.2718958959,8.9712075631,2513.9916731872
6.8975855856,8.980565792,2513.2924266
6.5232752753,8.9899536054,2512.5923412528
6.148964965,8.9993710544,2511.891395025
5.7746546547,9.0088181887,2511.1895651913
5.4003443443,9.0182950558,2510.4868284075
5.026034034,9.0278017015,2509.7831606958
4.6517237237,9.0373381694,2509.0785374297
4.2774134134,9.0469045013,2508.3729333184
3.9031031031,9.0565007364,2507.6663223915
3.5287927928,9.0661269122,2506.9586779816
3.1544824825,9.0757830636,2506.2499727088
2.7801721722,9.085469223,2505.5401784627
2.4058618619,9.0951854208,2504.8292663851
2.0315515516,9.1049316845,2504.1172068518
1.6572412412,9.1147080391,2503.4039694542
1.2829309309,9.124514507,2502.68952298
0.9086206206,9.1343511076,2501.9738353937
0.5343103103,9.1442178576,2501.2568738167
0.16,9.1541147709,2500.5386045063
